,date_daily,symbol,marketcapname_daily,sector_daily,Date_daily,date_volume,marketcapname_volume,sector_volume,Date_volume,CumulativeCount
0,23-05-2025,ATUL,Largecap,Industrials,2025-05-23,11-04-2025,Largecap,Industrials,2025-04-11,1.0
1,23-05-2025,ICICIBANK,Largecap,Bank,2025-05-23,,,,,
2,23-05-2025,AXISBANK,Largecap,Bank,2025-05-23,,,,,
3,23-05-2025,CUB,Midcap,Bank,2025-05-23,22-10-2024,Midcap,Bank,2024-10-22,1.0
4,23-05-2025,GMDCLTD,Midcap,Industrials,2025-05-23,23-10-2024,Midcap,Industrials,2024-10-23,2.0
5,23-05-2025,DHANBANK,Smallcap,Bank,2025-05-23,04-12-2024,Smallcap,Bank,2024-12-04,2.0
6,23-05-2025,SANATHAN,Smallcap,Textiles,2025-05-23,16-04-2025,Smallcap,Textiles,2025-04-16,1.0
7,23-05-2025,TRANSRAILL,Midcap,Realty,2025-05-23,,,,,
8,23-05-2025,ENGINERSIN,Midcap,Realty,2025-05-23,16-04-2025,Midcap,Realty,2025-04-16,1.0
9,23-05-2025,MAZDOCK,Largecap,Aerospace & Defence,2025-05-23,16-05-2025,Largecap,Aerospace & Defence,2025-05-16,1.0
10,23-05-2025,UTIAMC,Midcap,Finance,2025-05-23,16-10-2024,Midcap,Finance,2024-10-16,1.0
11,23-05-2025,BANKINDIA,Largecap,Bank,2025-05-23,27-01-2025,Largecap,Bank,2025-01-27,1.0
12,23-05-2025,ARKADE,Smallcap,Realty,2025-05-23,,,,,
13,23-05-2025,VMM,Largecap,FMCG,2025-05-23,30-04-2025,Largecap,FMCG,2025-04-30,1.0
14,23-05-2025,SINDHUTRAD,Smallcap,Services,2025-05-23,08-10-2024,Smallcap,Services,2024-10-08,2.0
15,23-05-2025,POWERINDIA,Largecap,FMCG,2025-05-23,10-10-2024,Largecap,FMCG,2024-10-10,2.0
16,23-05-2025,BORORENEW,Midcap,Industrials,2025-05-23,11-11-2024,Midcap,Industrials,2024-11-11,3.0
17,23-05-2025,NIVABUPA,Midcap,Services,2025-05-23,23-04-2025,Midcap,Services,2025-04-23,2.0
18,23-05-2025,ACMESOLAR,Midcap,Realty,2025-05-23,,,,,
19,23-05-2025,UJJIVANSFB,Midcap,Bank,2025-05-23,28-11-2024,Midcap,Bank,2024-11-28,2.0
20,23-05-2025,CSBBANK,Midcap,Bank,2025-05-23,10-12-2024,Midcap,Bank,2024-12-10,2.0
21,23-05-2025,HYUNDAI,Largecap,Auto,2025-05-23,,,,,
22,23-05-2025,SOUTHBANK,Midcap,Bank,2025-05-23,,,,,
23,23-05-2025,SGLTL,Smallcap,FMCG,2025-05-23,,,,,
24,23-05-2025,JINDALSTEL,Largecap,Metals,2025-05-23,,,,,
25,23-05-2025,ITCHOTELS,Largecap,Services,2025-05-23,,,,,
26,23-05-2025,UNOMINDA,Largecap,Auto,2025-05-23,12-11-2024,Largecap,Auto,2024-11-12,1.0
27,23-05-2025,PTC,Midcap,Services,2025-05-23,,,,,
28,23-05-2025,TVSELECT,Smallcap,I.T,2025-05-23,31-12-2024,Smallcap,I.T,2024-12-31,3.0
29,23-05-2025,RADICO,Largecap,FMCG,2025-05-23,,,,,
30,23-05-2025,ASTRAMICRO,Midcap,Aerospace & Defence,2025-05-23,09-05-2025,Midcap,Aerospace & Defence,2025-05-09,2.0
31,23-05-2025,DIVISLAB,Largecap,Pharmaceuticals,2025-05-23,,,,,
32,23-05-2025,CANBK,Largecap,Bank,2025-05-23,,,,,
33,23-05-2025,UNIONBANK,Largecap,Bank,2025-05-23,09-05-2025,Largecap,Bank,2025-05-09,1.0
34,23-05-2025,APTECHT,Smallcap,I.T,2025-05-23,13-12-2024,Smallcap,I.T,2024-12-13,3.0
35,23-05-2025,CERA,Midcap,Industrials,2025-05-23,03-12-2024,Midcap,Industrials,2024-12-03,4.0
36,23-05-2025,GODREJCP,Largecap,FMCG,2025-05-23,,,,,
37,23-05-2025,MOSCHIP,Smallcap,I.T,2025-05-23,,,,,
38,23-05-2025,AXISCADES,Smallcap,I.T,2025-05-23,06-12-2024,Smallcap,I.T,2024-12-06,1.0
39,23-05-2025,QPOWER,Smallcap,FMCG,2025-05-23,,,,,
40,23-05-2025,BALAJITELE,Smallcap,Media,2025-05-23,19-11-2024,Smallcap,Media,2024-11-19,3.0
41,23-05-2025,TTML,Midcap,Telecom,2025-05-23,26-11-2024,Midcap,Telecom,2024-11-26,4.0
42,23-05-2025,AJAXENGG,Midcap,FMCG,2025-05-23,,,,,
43,23-05-2025,TRIVENI,Midcap,FMCG,2025-05-23,24-12-2024,Midcap,FMCG,2024-12-24,1.0
44,23-05-2025,TVSMOTOR,Largecap,Auto,2025-05-23,29-01-2025,Largecap,Auto,2025-01-29,1.0
45,23-05-2025,INDIAMART,Midcap,I.T,2025-05-23,,,,,
46,23-05-2025,NORTHARC,Smallcap,Finance,2025-05-23,11-04-2025,Smallcap,Finance,2025-04-11,1.0
47,23-05-2025,MANGCHEFER,Smallcap,Industrials,2025-05-23,06-11-2024,Smallcap,Industrials,2024-11-06,2.0
48,23-05-2025,SUNDARMHLD,Midcap,Finance,2025-05-23,21-03-2025,Midcap,Finance,2025-03-21,1.0
49,23-05-2025,HDFCAMC,Largecap,Finance,2025-05-23,16-10-2024,Largecap,Finance,2024-10-16,2.0
50,23-05-2025,SRM,Smallcap,Realty,2025-05-23,18-11-2024,Smallcap,Realty,2024-11-18,3.0
51,23-05-2025,VARROC,Midcap,Auto,2025-05-23,10-12-2024,Midcap,Auto,2024-12-10,1.0
52,23-05-2025,RITES,Midcap,Miscellaneous,2025-05-23,31-12-2024,Midcap,Miscellaneous,2024-12-31,2.0
53,23-05-2025,NRBBEARING,Smallcap,Industrials,2025-05-23,08-05-2025,Smallcap,Industrials,2025-05-08,1.0
54,23-05-2025,MIDHANI,Midcap,Aerospace & Defence,2025-05-23,19-03-2025,Midcap,Aerospace & Defence,2025-03-19,3.0
55,23-05-2025,CLSEL,Smallcap,FMCG,2025-05-23,16-05-2025,Smallcap,FMCG,2025-05-16,1.0
56,23-05-2025,SANDHAR,Smallcap,Auto,2025-05-23,11-11-2024,Smallcap,Auto,2024-11-11,1.0
57,23-05-2025,HAL,Largecap,Aerospace & Defence,2025-05-23,,,,,
58,23-05-2025,BANDHANBNK,Largecap,Bank,2025-05-23,,,,,
59,23-05-2025,POLYCAB,Largecap,Industrials,2025-05-23,,,,,
60,23-05-2025,BDL,Largecap,Aerospace & Defence,2025-05-23,17-01-2025,Largecap,Aerospace & Defence,2025-01-17,5.0
61,23-05-2025,JSFB,Midcap,Bank,2025-05-23,22-01-2025,Midcap,Bank,2025-01-22,1.0
62,23-05-2025,ASTERDM,Largecap,Pharmaceuticals,2025-05-23,24-10-2024,Largecap,Pharmaceuticals,2024-10-24,2.0
63,23-05-2025,BLSE,Smallcap,I.T,2025-05-23,15-05-2025,Smallcap,I.T,2025-05-15,1.0
64,23-05-2025,OPTIEMUS,Midcap,Services,2025-05-23,16-04-2025,Midcap,Services,2025-04-16,1.0
65,23-05-2025,PRIVISCL,Midcap,Industrials,2025-05-23,08-05-2025,Midcap,Industrials,2025-05-08,1.0
66,23-05-2025,FAZE3Q,Smallcap,Textiles,2025-05-23,04-03-2025,Smallcap,Textiles,2025-03-04,5.0
67,23-05-2025,NEWGEN,Midcap,I.T,2025-05-23,24-04-2025,Midcap,I.T,2025-04-24,1.0
68,23-05-2025,ONEPOINT,Smallcap,I.T,2025-05-23,07-01-2025,Smallcap,I.T,2025-01-07,3.0
69,23-05-2025,CREDITACC,Midcap,Finance,2025-05-23,02-01-2025,Midcap,Finance,2025-01-02,3.0
70,23-05-2025,BHARTIHEXA,Largecap,Telecom,2025-05-23,18-12-2024,Largecap,Telecom,2024-12-18,1.0
71,23-05-2025,SGIL,Smallcap,Industrials,2025-05-23,22-04-2025,Smallcap,Industrials,2025-04-22,1.0
72,23-05-2025,IRCON,Midcap,Realty,2025-05-23,11-12-2024,Midcap,Realty,2024-12-11,2.0
73,23-05-2025,ARVINDFASN,Midcap,Services,2025-05-23,,,,,
74,23-05-2025,GRMOVER,Smallcap,FMCG,2025-05-23,13-01-2025,Smallcap,FMCG,2025-01-13,3.0
75,23-05-2025,PREMIERENE,Largecap,FMCG,2025-05-23,,,,,
76,23-05-2025,TNPL,Smallcap,Industrials,2025-05-23,02-12-2024,Smallcap,Industrials,2024-12-02,3.0
77,23-05-2025,CHALET,Midcap,Services,2025-05-23,12-12-2024,Midcap,Services,2024-12-12,1.0
78,23-05-2025,KPIGREEN,Midcap,Miscellaneous,2025-05-23,14-05-2025,Midcap,Miscellaneous,2025-05-14,1.0
79,23-05-2025,BYKE,Smallcap,Services,2025-05-23,30-10-2024,Smallcap,Services,2024-10-30,3.0
80,23-05-2025,CHOICEIN,Midcap,Finance,2025-05-23,23-04-2025,Midcap,Finance,2025-04-23,1.0
81,23-05-2025,ZYDUSWELL,Midcap,FMCG,2025-05-23,,,,,
82,23-05-2025,AKUMS,Midcap,Pharmaceuticals,2025-05-23,19-11-2024,Midcap,Pharmaceuticals,2024-11-19,1.0
83,23-05-2025,NUCLEUS,Smallcap,I.T,2025-05-23,17-04-2025,Smallcap,I.T,2025-04-17,2.0
84,23-05-2025,ABDL,Midcap,FMCG,2025-05-23,,,,,
85,23-05-2025,IXIGO,Midcap,I.T,2025-05-23,11-12-2024,Midcap,I.T,2024-12-11,1.0
86,23-05-2025,TECHNOE,Midcap,Realty,2025-05-23,04-02-2025,Midcap,Realty,2025-02-04,2.0
87,23-05-2025,IOC,Largecap,Industrials,2025-05-23,,,,,
88,23-05-2025,REMSONSIND,Smallcap,Auto,2025-05-23,15-05-2025,Smallcap,Auto,2025-05-15,1.0
89,23-05-2025,MARINE,Smallcap,FMCG,2025-05-23,09-12-2024,Smallcap,FMCG,2024-12-09,2.0
90,23-05-2025,MANORAMA,Midcap,FMCG,2025-05-23,28-04-2025,Midcap,FMCG,2025-04-28,1.0
91,23-05-2025,KRBL,Midcap,FMCG,2025-05-23,19-05-2025,Midcap,FMCG,2025-05-19,1.0
92,23-05-2025,COFORGE,Largecap,I.T,2025-05-23,23-10-2024,Largecap,I.T,2024-10-23,3.0
93,23-05-2025,DWARKESH,Smallcap,FMCG,2025-05-23,14-05-2025,Smallcap,FMCG,2025-05-14,2.0
94,23-05-2025,IIFL,Midcap,Finance,2025-05-23,05-03-2025,Midcap,Finance,2025-03-05,1.0
95,23-05-2025,NAZARA,Midcap,Telecom,2025-05-23,16-01-2025,Midcap,Telecom,2025-01-16,1.0
96,23-05-2025,PARAS,Midcap,Aerospace & Defence,2025-05-23,07-01-2025,Midcap,Aerospace & Defence,2025-01-07,3.0
97,23-05-2025,NUVOCO,Midcap,Industrials,2025-05-23,21-03-2025,Midcap,Industrials,2025-03-21,2.0
98,23-05-2025,MOL,Smallcap,Industrials,2025-05-23,16-10-2024,Smallcap,Industrials,2024-10-16,1.0
99,23-05-2025,DEVYANI,Largecap,Quick Service Restaurant,2025-05-23,,,,,
100,23-05-2025,TATVA,Smallcap,Industrials,2025-05-23,13-02-2025,Smallcap,Industrials,2025-02-13,3.0
101,23-05-2025,GRINFRA,Midcap,Realty,2025-05-23,19-03-2025,Midcap,Realty,2025-03-19,1.0
102,23-05-2025,IPL,Smallcap,Industrials,2025-05-23,24-03-2025,Smallcap,Industrials,2025-03-24,2.0
103,23-05-2025,SHYAMMETL,Largecap,Metals,2025-05-23,,,,,
104,23-05-2025,LODHA,Largecap,Realty,2025-05-23,,,,,
105,23-05-2025,CRAFTSMAN,Midcap,Auto,2025-05-23,,,,,
106,23-05-2025,YESBANK,Largecap,Bank,2025-05-23,09-05-2025,Largecap,Bank,2025-05-09,1.0
107,23-05-2025,ANURAS,Midcap,Industrials,2025-05-23,,,,,
108,23-05-2025,REPCOHOME,Smallcap,Finance,2025-05-23,,,,,
109,23-05-2025,NIBE,Smallcap,Aerospace & Defence,2025-05-23,,,,,
110,23-05-2025,RAILTEL,Midcap,Telecom,2025-05-23,16-10-2024,Midcap,Telecom,2024-10-16,3.0
111,23-05-2025,CIGNITITEC,Smallcap,I.T,2025-05-23,23-01-2025,Smallcap,I.T,2025-01-23,1.0
112,23-05-2025,HOMEFIRST,Midcap,Finance,2025-05-23,28-02-2025,Midcap,Finance,2025-02-28,1.0
113,23-05-2025,PROZONER,Smallcap,Miscellaneous,2025-05-23,17-12-2024,Smallcap,Miscellaneous,2024-12-17,4.0
114,23-05-2025,AWHCL,Smallcap,Miscellaneous,2025-05-23,04-02-2025,Smallcap,Miscellaneous,2025-02-04,1.0
115,23-05-2025,RBA,Smallcap,Quick Service Restaurant,2025-05-23,03-04-2025,Smallcap,Quick Service Restaurant,2025-04-03,3.0
116,23-05-2025,SKIPPER,Midcap,Industrials,2025-05-23,14-10-2024,Midcap,Industrials,2024-10-14,1.0
117,23-05-2025,NYKAA,Largecap,I.T,2025-05-23,,,,,
118,23-05-2025,SJS,Smallcap,FMCG,2025-05-23,09-05-2025,Smallcap,FMCG,2025-05-09,1.0
119,23-05-2025,GOCOLORS,Smallcap,Textiles,2025-05-23,30-04-2025,Smallcap,Textiles,2025-04-30,1.0
120,23-05-2025,VALIANTORG,Smallcap,Industrials,2025-05-23,14-02-2025,Smallcap,Industrials,2025-02-14,2.0
121,23-05-2025,RBLBANK,Midcap,Bank,2025-05-23,,,,,
122,23-05-2025,SPAL,Smallcap,Textiles,2025-05-23,27-03-2025,Smallcap,Textiles,2025-03-27,2.0
123,23-05-2025,PARAGMILK,Smallcap,FMCG,2025-05-23,03-10-2024,Smallcap,FMCG,2024-10-03,4.0
124,23-05-2025,HCG,Midcap,Pharmaceuticals,2025-05-23,,,,,
125,23-05-2025,KPEL,Smallcap,Realty,2025-05-23,,,,,
126,23-05-2025,NH,Largecap,Pharmaceuticals,2025-05-23,25-02-2025,Largecap,Pharmaceuticals,2025-02-25,2.0
127,23-05-2025,LUXIND,Smallcap,Textiles,2025-05-23,,,,,
128,23-05-2025,SHK,Smallcap,Industrials,2025-05-23,15-04-2025,Smallcap,Industrials,2025-04-15,1.0
129,23-05-2025,INDIGO,Largecap,Services,2025-05-23,12-05-2025,Largecap,Services,2025-05-12,1.0
130,23-05-2025,IDFCFIRSTB,Largecap,Bank,2025-05-23,03-04-2025,Largecap,Bank,2025-04-03,1.0
131,23-05-2025,SATIN,Smallcap,Finance,2025-05-23,10-12-2024,Smallcap,Finance,2024-12-10,1.0
132,23-05-2025,SHREEPUSHK,Smallcap,Industrials,2025-05-23,02-12-2024,Smallcap,Industrials,2024-12-02,1.0
133,23-05-2025,SPORTKING,Smallcap,Textiles,2025-05-23,02-05-2025,Smallcap,Textiles,2025-05-02,1.0
134,23-05-2025,AIIL,Largecap,Finance,2025-05-23,01-01-2025,Largecap,Finance,2025-01-01,2.0
135,23-05-2025,INOXWIND,Largecap,FMCG,2025-05-23,02-12-2024,Largecap,FMCG,2024-12-02,3.0
136,23-05-2025,DATAPATTNS,Midcap,Aerospace & Defence,2025-05-23,30-10-2024,Midcap,Aerospace & Defence,2024-10-30,4.0
137,23-05-2025,INTELLECT,Midcap,I.T,2025-05-23,23-12-2024,Midcap,I.T,2024-12-23,3.0
138,23-05-2025,MAPMYINDIA,Midcap,I.T,2025-05-23,09-12-2024,Midcap,I.T,2024-12-09,2.0
139,23-05-2025,VSSL,Smallcap,Metals,2025-05-23,30-09-2024,Smallcap,Metals,2024-09-30,3.0
140,23-05-2025,NBCC,Largecap,Realty,2025-05-23,17-01-2025,Largecap,Realty,2025-01-17,1.0
141,23-05-2025,MCX,Largecap,Financial Services,2025-05-23,,,,,
142,23-05-2025,BRIGADE,Largecap,Realty,2025-05-23,,,,,
143,23-05-2025,KOLTEPATIL,Smallcap,Realty,2025-05-23,11-03-2025,Smallcap,Realty,2025-03-11,1.0
144,23-05-2025,ADANIPORTS,Largecap,Industrials,2025-05-23,05-05-2025,Largecap,Industrials,2025-05-05,1.0
145,23-05-2025,KSCL,Midcap,FMCG,2025-05-23,01-02-2025,Midcap,FMCG,2025-02-01,2.0
146,23-05-2025,MOTILALOFS,Largecap,Services,2025-05-23,15-10-2024,Largecap,Services,2024-10-15,3.0
147,23-05-2025,DLF,Largecap,Realty,2025-05-23,28-10-2024,Largecap,Realty,2024-10-28,1.0
148,23-05-2025,SMSPHARMA,Smallcap,Pharmaceuticals,2025-05-23,23-04-2025,Smallcap,Pharmaceuticals,2025-04-23,1.0
149,23-05-2025,INDIANB,Largecap,Bank,2025-05-23,28-10-2024,Largecap,Bank,2024-10-28,1.0
150,23-05-2025,LUMAXTECH,Smallcap,Auto,2025-05-23,,,,,
151,23-05-2025,TANLA,Midcap,I.T,2025-05-23,01-01-2025,Midcap,I.T,2025-01-01,1.0
152,23-05-2025,DCBBANK,Smallcap,Bank,2025-05-23,25-10-2024,Smallcap,Bank,2024-10-25,2.0
153,23-05-2025,VOLTAMP,Midcap,FMCG,2025-05-23,20-02-2025,Midcap,FMCG,2025-02-20,1.0
154,23-05-2025,GMRAIRPORT,Largecap,Miscellaneous,2025-05-23,,,,,
155,23-05-2025,UTTAMSUGAR,Smallcap,FMCG,2025-05-23,18-03-2025,Smallcap,FMCG,2025-03-18,2.0
156,23-05-2025,GALLANTT,Midcap,Metals,2025-05-23,06-02-2025,Midcap,Metals,2025-02-06,3.0
157,23-05-2025,SOLARINDS,Largecap,Aerospace & Defence,2025-05-23,21-05-2025,Largecap,Aerospace & Defence,2025-05-21,1.0
158,23-05-2025,NITCO,Smallcap,Services,2025-05-23,10-10-2024,Smallcap,Services,2024-10-10,1.0
159,23-05-2025,GSPL,Midcap,Industrials,2025-05-23,,,,,
160,23-05-2025,NITINSPIN,Smallcap,Textiles,2025-05-23,09-12-2024,Smallcap,Textiles,2024-12-09,2.0
161,23-05-2025,SUZLON,Largecap,FMCG,2025-05-23,21-04-2025,Largecap,FMCG,2025-04-21,1.0
162,23-05-2025,ECLERX,Midcap,I.T,2025-05-23,15-05-2025,Midcap,I.T,2025-05-15,1.0
163,23-05-2025,BGRENERGY,Smallcap,Realty,2025-05-23,06-12-2024,Smallcap,Realty,2024-12-06,3.0
164,23-05-2025,GPTINFRA,Smallcap,Realty,2025-05-23,19-11-2024,Smallcap,Realty,2024-11-19,4.0
165,23-05-2025,TITAGARH,Midcap,FMCG,2025-05-23,11-12-2024,Midcap,FMCG,2024-12-11,2.0
166,23-05-2025,APLAPOLLO,Largecap,Metals,2025-05-23,,,,,
167,23-05-2025,ESSARSHPNG,Smallcap,Services,2025-05-23,17-04-2025,Smallcap,Services,2025-04-17,2.0
168,23-05-2025,APLLTD,Midcap,Pharmaceuticals,2025-05-23,21-03-2025,Midcap,Pharmaceuticals,2025-03-21,1.0
169,23-05-2025,TDPOWERSYS,Midcap,FMCG,2025-05-23,05-11-2024,Midcap,FMCG,2024-11-05,3.0
170,23-05-2025,LTF,Largecap,Finance,2025-05-23,,,,,
171,23-05-2025,ZENTEC,Midcap,Aerospace & Defence,2025-05-23,10-10-2024,Midcap,Aerospace & Defence,2024-10-10,1.0
172,23-05-2025,DALBHARAT,Largecap,Industrials,2025-05-23,,,,,
173,23-05-2025,KIRLOSENG,Midcap,FMCG,2025-05-23,18-03-2025,Midcap,FMCG,2025-03-18,2.0
174,23-05-2025,MOIL,Midcap,Industrials,2025-05-23,02-05-2025,Midcap,Industrials,2025-05-02,1.0
175,23-05-2025,PRESTIGE,Largecap,Realty,2025-05-23,01-02-2025,Largecap,Realty,2025-02-01,1.0
176,23-05-2025,JWL,Midcap,FMCG,2025-05-23,31-10-2024,Midcap,FMCG,2024-10-31,3.0
177,23-05-2025,HMVL,Smallcap,Media,2025-05-23,03-02-2025,Smallcap,Media,2025-02-03,2.0
178,23-05-2025,DBREALTY,Midcap,Realty,2025-05-23,10-10-2024,Midcap,Realty,2024-10-10,4.0
179,23-05-2025,VASCONEQ,Smallcap,Realty,2025-05-23,19-12-2024,Smallcap,Realty,2024-12-19,2.0
180,23-05-2025,DLINKINDIA,Smallcap,Services,2025-05-23,05-05-2025,Smallcap,Services,2025-05-05,1.0
181,23-05-2025,MHRIL,Midcap,Services,2025-05-23,31-01-2025,Midcap,Services,2025-01-31,1.0
182,23-05-2025,ISGEC,Midcap,Realty,2025-05-23,,,,,
183,23-05-2025,20MICRONS,Smallcap,Industrials,2025-05-23,19-05-2025,Smallcap,Industrials,2025-05-19,1.0
184,23-05-2025,KIRIINDUS,Smallcap,Industrials,2025-05-23,14-11-2024,Smallcap,Industrials,2024-11-14,3.0
185,23-05-2025,JUBLPHARMA,Midcap,Pharmaceuticals,2025-05-23,05-02-2025,Midcap,Pharmaceuticals,2025-02-05,1.0
186,23-05-2025,JKTYRE,Midcap,Auto,2025-05-23,09-12-2024,Midcap,Auto,2024-12-09,2.0
187,23-05-2025,BAJAJELEC,Midcap,FMCG,2025-05-23,12-05-2025,Midcap,FMCG,2025-05-12,1.0
188,23-05-2025,TATACONSUM,Largecap,FMCG,2025-05-23,31-01-2025,Largecap,FMCG,2025-01-31,2.0
189,23-05-2025,VTL,Midcap,Textiles,2025-05-23,03-04-2025,Midcap,Textiles,2025-04-03,1.0
190,23-05-2025,ORIENTPPR,Smallcap,Industrials,2025-05-23,02-12-2024,Smallcap,Industrials,2024-12-02,4.0
191,23-05-2025,SHREDIGCEM,Smallcap,Industrials,2025-05-23,,,,,
192,23-05-2025,NCLIND,Smallcap,Industrials,2025-05-23,27-12-2024,Smallcap,Industrials,2024-12-27,1.0
193,23-05-2025,SAGCEM,Smallcap,Industrials,2025-05-23,,,,,
194,23-05-2025,SHAILY,Midcap,FMCG,2025-05-23,27-11-2024,Midcap,FMCG,2024-11-27,2.0
195,23-05-2025,CENTRUM,Smallcap,Finance,2025-05-23,04-12-2024,Smallcap,Finance,2024-12-04,2.0
196,23-05-2025,CEATLTD,Midcap,Auto,2025-05-23,09-12-2024,Midcap,Auto,2024-12-09,2.0
197,23-05-2025,APOLLOTYRE,Largecap,Auto,2025-05-23,,,,,
198,23-05-2025,ZUARIIND,Smallcap,FMCG,2025-05-23,21-10-2024,Smallcap,FMCG,2024-10-21,2.0
199,23-05-2025,SKFINDIA,Largecap,Industrials,2025-05-23,16-05-2025,Largecap,Industrials,2025-05-16,1.0
200,23-05-2025,TNPETRO,Smallcap,Oils,2025-05-23,07-05-2025,Smallcap,Oils,2025-05-07,1.0
201,23-05-2025,GSFC,Midcap,Industrials,2025-05-23,17-01-2025,Midcap,Industrials,2025-01-17,1.0
202,23-05-2025,PFIZER,Largecap,Pharmaceuticals,2025-05-23,20-05-2025,Largecap,Pharmaceuticals,2025-05-20,1.0
203,23-05-2025,GLAXO,Largecap,Pharmaceuticals,2025-05-23,06-02-2025,Largecap,Pharmaceuticals,2025-02-06,3.0
204,23-05-2025,DEEPAKFERT,Midcap,Industrials,2025-05-23,29-01-2025,Midcap,Industrials,2025-01-29,1.0
205,23-05-2025,BPCL,Largecap,Industrials,2025-05-23,,,,,
206,23-05-2025,M&M,Largecap,Auto,2025-05-23,,,,,
207,23-05-2025,ESCORTS,Largecap,Auto,2025-05-23,,,,,
208,23-05-2025,BHARATFORG,Largecap,Industrials,2025-05-23,,,,,
209,23-05-2025,HIRECT,Smallcap,FMCG,2025-05-23,17-10-2024,Smallcap,FMCG,2024-10-17,3.0
210,23-05-2025,INDIANHUME,Smallcap,Realty,2025-05-23,17-02-2025,Smallcap,Realty,2025-02-17,3.0
211,23-05-2025,SANDUMA,Midcap,Industrials,2025-05-23,17-02-2025,Midcap,Industrials,2025-02-17,2.0
212,23-05-2025,CHOLAHLDNG,Largecap,Finance,2025-05-23,08-04-2025,Largecap,Finance,2025-04-08,1.0
213,23-05-2025,AVONMORE,Smallcap,Finance,2025-05-23,03-01-2025,Smallcap,Finance,2025-01-03,2.0
214,23-05-2025,CHOLAFIN,Largecap,Finance,2025-05-23,,,,,
215,23-05-2025,CANFINHOME,Midcap,Finance,2025-05-23,,,,,
216,23-05-2025,INTLCONV,Smallcap,FMCG,2025-05-23,15-05-2025,Smallcap,FMCG,2025-05-15,1.0
217,23-05-2025,ITDCEM,Midcap,Realty,2025-05-23,14-05-2025,Midcap,Realty,2025-05-14,1.0
218,23-05-2025,GRAPHITE,Midcap,FMCG,2025-05-23,11-03-2025,Midcap,FMCG,2025-03-11,2.0
219,23-05-2025,BERGEPAINT,Largecap,Industrials,2025-05-23,,,,,
220,23-05-2025,VIPIND,Midcap,FMCG,2025-05-23,,,,,
221,23-05-2025,DHANUKA,Midcap,Industrials,2025-05-23,16-05-2025,Midcap,Industrials,2025-05-16,1.0
222,23-05-2025,FOODSIN,Smallcap,FMCG,2025-05-23,19-05-2025,Smallcap,FMCG,2025-05-19,1.0
223,23-05-2025,TI,Midcap,FMCG,2025-05-23,05-11-2024,Midcap,FMCG,2024-11-05,3.0
224,23-05-2025,PUNJABCHEM,Smallcap,Industrials,2025-05-23,19-12-2024,Smallcap,Industrials,2024-12-19,3.0
225,23-05-2025,COROMANDEL,Largecap,Industrials,2025-05-23,05-03-2025,Largecap,Industrials,2025-03-05,1.0
226,23-05-2025,PRAKASH,Smallcap,Metals,2025-05-23,15-01-2025,Smallcap,Metals,2025-01-15,2.0
227,23-05-2025,SCHAEFFLER,Largecap,Industrials,2025-05-23,30-04-2025,Largecap,Industrials,2025-04-30,1.0
228,23-05-2025,GABRIEL,Midcap,Auto,2025-05-23,06-12-2024,Midcap,Auto,2024-12-06,4.0
229,23-05-2025,ELECON,Midcap,FMCG,2025-05-23,,,,,
230,23-05-2025,ZEEL,Midcap,Media,2025-05-23,,,,,
231,23-05-2025,SMLISUZU,Smallcap,Auto,2025-05-23,03-03-2025,Smallcap,Auto,2025-03-03,3.0
232,23-05-2025,ASHOKLEY,Largecap,Auto,2025-05-23,12-02-2025,Largecap,Auto,2025-02-12,1.0
233,23-05-2025,TATASTEEL,Largecap,Metals,2025-05-23,,,,,
234,23-05-2025,JYOTICNC,Largecap,FMCG,2025-05-23,17-12-2024,Largecap,FMCG,2024-12-17,2.0
235,23-05-2025,CGPOWER,Largecap,FMCG,2025-05-23,,,,,
236,23-05-2025,DHAMPURSUG,Smallcap,FMCG,2025-05-23,16-01-2025,Smallcap,FMCG,2025-01-16,2.0
237,23-05-2025,IDBI,Largecap,Bank,2025-05-23,16-01-2025,Largecap,Bank,2025-01-16,1.0
238,23-05-2025,TITAN,Largecap,Miscellaneous,2025-05-23,,,,,
239,23-05-2025,SAIL,Largecap,Metals,2025-05-23,12-02-2025,Largecap,Metals,2025-02-12,1.0
240,23-05-2025,CHENNPETRO,Midcap,Industrials,2025-05-23,19-12-2024,Midcap,Industrials,2024-12-19,4.0
241,23-05-2025,HINDPETRO,Largecap,Industrials,2025-05-23,05-05-2025,Largecap,Industrials,2025-05-05,1.0
242,23-05-2025,BHEL,Largecap,FMCG,2025-05-23,28-10-2024,Largecap,FMCG,2024-10-28,2.0
243,23-05-2025,ARVIND,Midcap,Textiles,2025-05-23,,,,,
244,23-05-2025,DALMIASUG,Smallcap,FMCG,2025-05-23,14-05-2025,Smallcap,FMCG,2025-05-14,1.0
245,23-05-2025,CRISIL,Largecap,Miscellaneous,2025-05-23,,,,,
246,23-05-2025,BBOX,Midcap,I.T,2025-05-23,,,,,
247,23-05-2025,CESC,Largecap,Miscellaneous,2025-05-23,,,,,
248,23-05-2025,OAL,Smallcap,Industrials,2025-05-23,03-04-2025,Smallcap,Industrials,2025-04-03,1.0
249,23-05-2025,KCP,Smallcap,Industrials,2025-05-23,,,,,
250,23-05-2025,BEL,Largecap,Aerospace & Defence,2025-05-23,21-05-2025,Largecap,Aerospace & Defence,2025-05-21,1.0
251,23-05-2025,SPIC,Smallcap,Industrials,2025-05-23,15-05-2025,Smallcap,Industrials,2025-05-15,1.0
252,23-05-2025,BASF,Largecap,Industrials,2025-05-23,19-05-2025,Largecap,Industrials,2025-05-19,2.0
253,23-05-2025,FACT,Largecap,Industrials,2025-05-23,29-11-2024,Largecap,Industrials,2024-11-29,2.0
254,23-05-2025,BANCOINDIA,Midcap,Auto,2025-05-23,14-11-2024,Midcap,Auto,2024-11-14,4.0
255,23-05-2025,FORCEMOT,Midcap,Auto,2025-05-23,02-05-2025,Midcap,Auto,2025-05-02,1.0
256,23-05-2025,EIDPARRY,Midcap,FMCG,2025-05-23,,,,,
257,23-05-2025,EPL,Midcap,Services,2025-05-23,12-05-2025,Midcap,Services,2025-05-12,1.0
258,23-05-2025,MADRASFERT,Smallcap,Industrials,2025-05-23,,,,,
259,23-05-2025,GODFRYPHLP,Largecap,FMCG,2025-05-23,26-12-2024,Largecap,FMCG,2024-12-26,5.0
260,23-05-2025,MUKANDLTD,Smallcap,Metals,2025-05-23,,,,,
261,23-05-2025,THOMASCOOK,Midcap,Miscellaneous,2025-05-23,20-02-2025,Midcap,Miscellaneous,2025-02-20,3.0
262,23-05-2025,TATAELXSI,Largecap,I.T,2025-05-23,03-12-2024,Largecap,I.T,2024-12-03,2.0
263,23-05-2025,SPLPETRO,Midcap,Oils,2025-05-23,,,,,
264,23-05-2025,SUNFLAG,Smallcap,Metals,2025-05-23,11-12-2024,Smallcap,Metals,2024-12-11,2.0
265,23-05-2025,RAMANEWS,Smallcap,Miscellaneous,2025-05-23,12-02-2025,Smallcap,Miscellaneous,2025-02-12,2.0
266,23-05-2025,RALLIS,Midcap,Industrials,2025-05-23,16-10-2024,Midcap,Industrials,2024-10-16,2.0
267,23-05-2025,RSWM,Smallcap,Textiles,2025-05-23,09-12-2024,Smallcap,Textiles,2024-12-09,3.0
268,23-05-2025,BIRLACORPN,Midcap,Industrials,2025-05-23,13-05-2025,Midcap,Industrials,2025-05-13,1.0
269,23-05-2025,RELIANCE,Largecap,Industrials,2025-05-23,28-04-2025,Largecap,Industrials,2025-04-28,1.0
270,23-05-2025,NAHARSPING,Smallcap,Textiles,2025-05-23,07-03-2025,Smallcap,Textiles,2025-03-07,3.0
271,23-05-2025,MOREPENLAB,Smallcap,Pharmaceuticals,2025-05-23,18-03-2025,Smallcap,Pharmaceuticals,2025-03-18,2.0
272,23-05-2025,RAMCOCEM,Largecap,Industrials,2025-05-23,,,,,
273,23-05-2025,KSB,Midcap,FMCG,2025-05-23,,,,,
274,23-05-2025,WHIRLPOOL,Midcap,FMCG,2025-05-23,24-04-2025,Midcap,FMCG,2025-04-24,2.0
275,23-05-2025,KAJARIACER,Midcap,Industrials,2025-05-23,,,,,
276,23-05-2025,IONEXCHANG,Midcap,Realty,2025-05-23,,,,,
277,23-05-2025,INDIAGLYCO,Midcap,FMCG,2025-05-23,01-10-2024,Midcap,FMCG,2024-10-01,5.0
278,23-05-2025,HEROMOTOCO,Largecap,Auto,2025-05-23,15-05-2025,Largecap,Auto,2025-05-15,1.0
279,23-05-2025,MASTERTR,Smallcap,Finance,2025-05-23,20-03-2025,Smallcap,Finance,2025-03-20,2.0
280,23-05-2025,EUREKAFORB,Midcap,FMCG,2025-05-23,,,,,
281,23-05-2025,LLOYDSME,Largecap,Industrials,2025-05-23,29-11-2024,Largecap,Industrials,2024-11-29,2.0
282,23-05-2025,MARKSANS,Midcap,Pharmaceuticals,2025-05-23,,,,,
283,23-05-2025,AVADHSUGAR,Smallcap,FMCG,2025-05-23,15-04-2025,Smallcap,FMCG,2025-04-15,1.0
284,23-05-2025,ERIS,Largecap,Pharmaceuticals,2025-05-23,05-02-2025,Largecap,Pharmaceuticals,2025-02-05,1.0
285,23-05-2025,CDSL,Largecap,Financial Services,2025-05-23,05-12-2024,Largecap,Financial Services,2024-12-05,1.0
286,23-05-2025,AUBANK,Largecap,Bank,2025-05-23,23-04-2025,Largecap,Bank,2025-04-23,1.0
287,23-05-2025,SHANKARA,Smallcap,FMCG,2025-05-23,05-11-2024,Smallcap,FMCG,2024-11-05,3.0
288,23-05-2025,HUDCO,Largecap,Finance,2025-05-23,,,,,
289,23-05-2025,SBFC,Midcap,Finance,2025-05-23,,,,,
290,23-05-2025,KILITCH,Smallcap,Pharmaceuticals,2025-05-23,13-11-2024,Smallcap,Pharmaceuticals,2024-11-13,2.0
291,23-05-2025,SYNCOMF,Smallcap,Pharmaceuticals,2025-05-23,,,,,
292,23-05-2025,BODALCHEM,Smallcap,Industrials,2025-05-23,10-03-2025,Smallcap,Industrials,2025-03-10,1.0
293,23-05-2025,SEQUENT,Smallcap,Pharmaceuticals,2025-05-23,05-05-2025,Smallcap,Pharmaceuticals,2025-05-05,1.0
294,23-05-2025,AARTIDRUGS,Smallcap,Pharmaceuticals,2025-05-23,24-12-2024,Smallcap,Pharmaceuticals,2024-12-24,3.0
295,23-05-2025,RCF,Midcap,Industrials,2025-05-23,,,,,
296,23-05-2025,WANBURY,Smallcap,Pharmaceuticals,2025-05-23,06-02-2025,Smallcap,Pharmaceuticals,2025-02-06,3.0
297,23-05-2025,NETWEB,Midcap,I.T,2025-05-23,11-10-2024,Midcap,I.T,2024-10-11,2.0
298,23-05-2025,AARTIIND,Midcap,Industrials,2025-05-23,,,,,
299,23-05-2025,IOLCP,Smallcap,Pharmaceuticals,2025-05-23,19-12-2024,Smallcap,Pharmaceuticals,2024-12-19,3.0
300,23-05-2025,JIOFIN,Largecap,Finance,2025-05-23,,,,,
301,23-05-2025,CARYSIL,Smallcap,FMCG,2025-05-23,12-03-2025,Smallcap,FMCG,2025-03-12,2.0
302,23-05-2025,POLYPLEX,Smallcap,Services,2025-05-23,22-05-2025,Smallcap,Services,2025-05-22,1.0
303,23-05-2025,COCHINSHIP,Largecap,Aerospace & Defence,2025-05-23,19-03-2025,Largecap,Aerospace & Defence,2025-03-19,4.0
304,23-05-2025,RATNAVEER,Smallcap,Metals,2025-05-23,22-11-2024,Smallcap,Metals,2024-11-22,2.0
305,23-05-2025,RRKABEL,Midcap,Industrials,2025-05-23,05-05-2025,Midcap,Industrials,2025-05-05,1.0
306,23-05-2025,KRISHANA,Smallcap,Industrials,2025-05-23,15-01-2025,Smallcap,Industrials,2025-01-15,2.0
307,23-05-2025,INDIACEM,Midcap,Industrials,2025-05-23,23-12-2024,Midcap,Industrials,2024-12-23,1.0
308,23-05-2025,URJA,Smallcap,Auto,2025-05-23,,,,,
309,23-05-2025,SUNCLAY,Midcap,Industrials,2025-05-23,,,,,
310,23-05-2025,AZAD,Midcap,Aerospace & Defence,2025-05-23,04-11-2024,Midcap,Aerospace & Defence,2024-11-04,2.0
311,23-05-2025,IFGLEXPOR,Smallcap,Industrials,2025-05-23,12-05-2025,Smallcap,Industrials,2025-05-12,1.0
312,23-05-2025,NAM-INDIA,Largecap,Finance,2025-05-23,10-12-2024,Largecap,Finance,2024-12-10,2.0
313,23-05-2025,SARLAPOLY,Smallcap,Textiles,2025-05-23,27-11-2024,Smallcap,Textiles,2024-11-27,6.0
314,23-05-2025,IEX,Midcap,Financial Services,2025-05-23,,,,,
315,23-05-2025,INOXINDIA,Midcap,Services,2025-05-23,,,,,
316,23-05-2025,MASFIN,Midcap,Finance,2025-05-23,21-05-2025,Midcap,Finance,2025-05-21,1.0
317,23-05-2025,SBILIFE,Largecap,Services,2025-05-23,25-04-2025,Largecap,Services,2025-04-25,1.0
318,23-05-2025,TFCILTD,Smallcap,Finance,2025-05-23,22-11-2024,Smallcap,Finance,2024-11-22,2.0
319,23-05-2025,BLUEJET,Midcap,Pharmaceuticals,2025-05-23,17-12-2024,Midcap,Pharmaceuticals,2024-12-17,4.0
320,23-05-2025,ZOTA,Smallcap,Pharmaceuticals,2025-05-23,16-12-2024,Smallcap,Pharmaceuticals,2024-12-16,2.0
321,23-05-2025,FILATEX,Smallcap,Textiles,2025-05-23,,,,,
322,23-05-2025,YATRA,Smallcap,I.T,2025-05-23,15-05-2025,Smallcap,I.T,2025-05-15,1.0
323,23-05-2025,ABCAPITAL,Largecap,Finance,2025-05-23,30-10-2024,Largecap,Finance,2024-10-30,2.0
324,23-05-2025,NUVAMA,Largecap,Services,2025-05-23,,,,,
325,23-05-2025,ZAGGLE,Midcap,I.T,2025-05-23,,,,,
326,23-05-2025,POONAWALLA,Largecap,Finance,2025-05-23,28-10-2024,Largecap,Finance,2024-10-28,2.0
327,23-05-2025,IDEAFORGE,Smallcap,Aerospace & Defence,2025-05-23,19-03-2025,Smallcap,Aerospace & Defence,2025-03-19,2.0
328,23-05-2025,GHCLTEXTIL,Smallcap,Textiles,2025-05-23,05-05-2025,Smallcap,Textiles,2025-05-05,1.0
329,23-05-2025,INOXGREEN,Midcap,Miscellaneous,2025-05-23,02-12-2024,Midcap,Miscellaneous,2024-12-02,4.0
330,23-05-2025,KAYNES,Largecap,FMCG,2025-05-23,,,,,
331,23-05-2025,DCXINDIA,Smallcap,Aerospace & Defence,2025-05-23,17-12-2024,Smallcap,Aerospace & Defence,2024-12-17,3.0
332,23-05-2025,WEBELSOLAR,Midcap,FMCG,2025-05-23,,,,,
333,23-05-2025,MINDTECK,Smallcap,I.T,2025-05-23,26-11-2024,Smallcap,I.T,2024-11-26,4.0
334,23-05-2025,MOTHERSON,Largecap,Auto,2025-05-23,15-04-2025,Largecap,Auto,2025-04-15,1.0
335,23-05-2025,HBLENGINE,Midcap,Auto,2025-05-23,06-12-2024,Midcap,Auto,2024-12-06,3.0
336,23-05-2025,SUBROS,Smallcap,Auto,2025-05-23,21-02-2025,Smallcap,Auto,2025-02-21,1.0
337,23-05-2025,VISHNU,Smallcap,Industrials,2025-05-23,24-10-2024,Smallcap,Industrials,2024-10-24,2.0
338,23-05-2025,SYRMA,Midcap,FMCG,2025-05-23,28-10-2024,Midcap,FMCG,2024-10-28,5.0
339,23-05-2025,ASAHIINDIA,Midcap,Industrials,2025-05-23,22-04-2025,Midcap,Industrials,2025-04-22,1.0
340,23-05-2025,SANGAMIND,Smallcap,Textiles,2025-05-23,15-01-2025,Smallcap,Textiles,2025-01-15,2.0
341,23-05-2025,VARDMNPOLY,Smallcap,Textiles,2025-05-23,,,,,
342,23-05-2025,WELSPUNLIV,Midcap,Textiles,2025-05-23,18-03-2025,Midcap,Textiles,2025-03-18,2.0
343,23-05-2025,HIMATSEIDE,Smallcap,Textiles,2025-05-23,24-10-2024,Smallcap,Textiles,2024-10-24,3.0
344,23-05-2025,SSWL,Smallcap,Auto,2025-05-23,10-12-2024,Smallcap,Auto,2024-12-10,1.0
345,23-05-2025,PENIND,Smallcap,Metals,2025-05-23,18-10-2024,Smallcap,Metals,2024-10-18,2.0
346,23-05-2025,PARADEEP,Midcap,Industrials,2025-05-23,29-10-2024,Midcap,Industrials,2024-10-29,1.0
347,23-05-2025,DELHIVERY,Largecap,Services,2025-05-23,06-12-2024,Largecap,Services,2024-12-06,2.0
348,23-05-2025,AVANTIFEED,Midcap,FMCG,2025-05-23,16-12-2024,Midcap,FMCG,2024-12-16,2.0
349,23-05-2025,NAHARINDUS,Smallcap,Textiles,2025-05-23,03-04-2025,Smallcap,Textiles,2025-04-03,2.0
350,23-05-2025,DHARMAJ,Smallcap,Industrials,2025-05-23,,,,,
351,23-05-2025,NFL,Smallcap,Industrials,2025-05-23,15-05-2025,Smallcap,Industrials,2025-05-15,1.0
352,23-05-2025,ELIN,Smallcap,FMCG,2025-05-23,,,,,
353,23-05-2025,DREDGECORP,Smallcap,Miscellaneous,2025-05-23,16-04-2025,Smallcap,Miscellaneous,2025-04-16,3.0
354,23-05-2025,PRECWIRE,Smallcap,Metals,2025-05-23,19-05-2025,Smallcap,Metals,2025-05-19,1.0
355,23-05-2025,JMFINANCIL,Midcap,Finance,2025-05-23,,,,,
356,23-05-2025,DCMSRIND,Smallcap,FMCG,2025-05-23,10-12-2024,Smallcap,FMCG,2024-12-10,2.0
357,23-05-2025,BALMLAWRIE,Smallcap,Miscellaneous,2025-05-23,20-02-2025,Smallcap,Miscellaneous,2025-02-20,1.0
358,23-05-2025,AVALON,Midcap,FMCG,2025-05-23,07-11-2024,Midcap,FMCG,2024-11-07,2.0
359,23-05-2025,JAYNECOIND,Smallcap,Metals,2025-05-23,03-01-2025,Smallcap,Metals,2025-01-03,2.0
360,23-05-2025,RAMRAT,Smallcap,Metals,2025-05-23,21-05-2025,Smallcap,Metals,2025-05-21,1.0
361,23-05-2025,GVT&D,Largecap,FMCG,2025-05-23,,,,,
362,23-05-2025,MAYURUNIQ,Smallcap,FMCG,2025-05-23,09-05-2025,Smallcap,FMCG,2025-05-09,1.0
363,23-05-2025,TIMKEN,Largecap,Industrials,2025-05-23,11-02-2025,Largecap,Industrials,2025-02-11,2.0
364,23-05-2025,WINDMACHIN,Smallcap,FMCG,2025-05-23,07-11-2024,Smallcap,FMCG,2024-11-07,2.0
365,23-05-2025,AARTIPHARM,Midcap,Pharmaceuticals,2025-05-23,26-12-2024,Midcap,Pharmaceuticals,2024-12-26,3.0
366,23-05-2025,ALOKINDS,Midcap,Textiles,2025-05-23,15-01-2025,Midcap,Textiles,2025-01-15,1.0
367,23-05-2025,TRIDENT,Midcap,Textiles,2025-05-23,09-12-2024,Midcap,Textiles,2024-12-09,3.0
368,23-05-2025,ICIL,Midcap,Textiles,2025-05-23,09-12-2024,Midcap,Textiles,2024-12-09,2.0
369,23-05-2025,JAMNAAUTO,Smallcap,Auto,2025-05-23,,,,,
370,23-05-2025,RADIANTCMS,Smallcap,Miscellaneous,2025-05-23,02-04-2025,Smallcap,Miscellaneous,2025-04-02,1.0
371,23-05-2025,CCL,Midcap,FMCG,2025-05-23,06-05-2025,Midcap,FMCG,2025-05-06,1.0
372,23-05-2025,PNBHOUSING,Largecap,Finance,2025-05-23,,,,,
