date,symbol,marketcapname,sector
30-09-2024,BOMDYEING,Smallcap,Textiles
30-09-2024,KIRLOSBROS,Midcap,FMCG
30-09-2024,VLSFINANCE,Smallcap,Finance
30-09-2024,VAKRANGEE,Smallcap,I.T
30-09-2024,TRIGYN,Smallcap,I.T
30-09-2024,SOMATEX,Smallcap,Services
30-09-2024,WEIZMANIND,Smallcap,Textiles
30-09-2024,PKTEA,Smallcap,FMCG
30-09-2024,SAREGAMA,Midcap,Media
30-09-2024,ALPA,Smallcap,Pharmaceuticals
30-09-2024,MAANALU,Smallcap,Metals
30-09-2024,AHLEAST,Smallcap,Services
30-09-2024,VASWANI,Smallcap,Metals
30-09-2024,TERASOFT,Smallcap,I.T
30-09-2024,VSSL,Smallcap,Metals
01-10-2024,INDIAGLYCO,Midcap,FMCG
01-10-2024,HERCULES,Smallcap,FMCG
01-10-2024,JAYSREETEA,Smallcap,FMCG
01-10-2024,SAH,Smallcap,Services
01-10-2024,PKTEA,Smallcap,FMCG
01-10-2024,KAPSTON,Smallcap,Miscellaneous
01-10-2024,NATIONALUM,Largecap,Metals
01-10-2024,TAKE,Smallcap,Pharmaceuticals
01-10-2024,MAANALU,Smallcap,Metals
01-10-2024,AHLEAST,Smallcap,Services
01-10-2024,VMART,Midcap,FMCG
03-10-2024,GROBTEA,Smallcap,FMCG
03-10-2024,UNITEDTEA,Smallcap,FMCG
03-10-2024,KAPSTON,Smallcap,Miscellaneous
03-10-2024,ANUP,Midcap,Industrials
03-10-2024,PETRONET,Largecap,Industrials
03-10-2024,TERASOFT,Smallcap,I.T
03-10-2024,DTIL,Smallcap,FMCG
03-10-2024,SHIVALIK,Smallcap,Industrials
03-10-2024,BEARDSELL,Smallcap,FMCG
03-10-2024,PARAGMILK,Smallcap,FMCG
04-10-2024,HEUBACHIND,Smallcap,Industrials
04-10-2024,GROBTEA,Smallcap,FMCG
04-10-2024,JKPAPER,Midcap,Industrials
04-10-2024,RSYSTEMS,Smallcap,I.T
04-10-2024,CARERATING,Midcap,Miscellaneous
04-10-2024,APTUS,Midcap,Finance
07-10-2024,FINPIPE,Midcap,FMCG
07-10-2024,TAINWALCHM,Smallcap,Services
07-10-2024,AUSOMENT,Smallcap,Services
07-10-2024,DBCORP,Smallcap,Media
08-10-2024,INDIAGLYCO,Midcap,FMCG
08-10-2024,TAINWALCHM,Smallcap,Services
08-10-2024,JYOTISTRUC,Smallcap,FMCG
08-10-2024,SINDHUTRAD,Smallcap,Services
08-10-2024,SECMARK,Smallcap,I.T
08-10-2024,WONDERLA,Smallcap,Media
09-10-2024,AKZOINDIA,Midcap,Industrials
09-10-2024,KEYFINSERV,Smallcap,Finance
09-10-2024,EMUDHRA,Midcap,I.T
09-10-2024,JYOTISTRUC,Smallcap,FMCG
09-10-2024,AARVI,Smallcap,Miscellaneous
09-10-2024,DBSTOCKBRO,Smallcap,Services
09-10-2024,SINDHUTRAD,Smallcap,Services
09-10-2024,SECMARK,Smallcap,I.T
09-10-2024,JPPOWER,Midcap,Miscellaneous
09-10-2024,SASKEN,Smallcap,I.T
09-10-2024,MAGNUM,Smallcap,Industrials
09-10-2024,DHANI,Smallcap,Finance
09-10-2024,PDMJEPAPER,Smallcap,Industrials
10-10-2024,TRF,Smallcap,FMCG
10-10-2024,GANECOS,Smallcap,Textiles
10-10-2024,63MOONS,Smallcap,I.T
10-10-2024,ICEMAKE,Smallcap,FMCG
10-10-2024,XELPMOC,Smallcap,I.T
10-10-2024,POWERINDIA,Largecap,FMCG
10-10-2024,NITCO,Smallcap,Services
10-10-2024,DBREALTY,Midcap,Realty
10-10-2024,ZENTEC,Midcap,Aerospace & Defence
11-10-2024,AGI,Midcap,Services
11-10-2024,SUNDROP,Smallcap,FMCG
11-10-2024,SUDARSCHEM,Midcap,Industrials
11-10-2024,AUSOMENT,Smallcap,Services
11-10-2024,USHAMART,Midcap,Metals
11-10-2024,SOMATEX,Smallcap,Services
11-10-2024,NETWEB,Midcap,I.T
11-10-2024,NDGL,Smallcap,Finance
11-10-2024,HECPROJECT,Smallcap,Realty
11-10-2024,DBREALTY,Midcap,Realty
11-10-2024,PAVNAIND,Smallcap,Auto
14-10-2024,HLVLTD,Smallcap,Services
14-10-2024,PREMIERPOL,Smallcap,FMCG
14-10-2024,REDTAPE,Midcap,FMCG
14-10-2024,PODDARMENT,Smallcap,Industrials
14-10-2024,AEROFLEX,Smallcap,Metals
14-10-2024,GANESHHOUC,Midcap,Realty
14-10-2024,DPWIRES,Smallcap,Metals
14-10-2024,63MOONS,Smallcap,I.T
14-10-2024,SBGLP,Smallcap,Realty
14-10-2024,SECMARK,Smallcap,I.T
14-10-2024,APTUS,Midcap,Finance
14-10-2024,SKIPPER,Midcap,Industrials
15-10-2024,GFLLIMITED,Smallcap,Finance
15-10-2024,AJMERA,Smallcap,Realty
15-10-2024,PREMIERPOL,Smallcap,FMCG
15-10-2024,SILINV,Smallcap,Finance
15-10-2024,63MOONS,Smallcap,I.T
15-10-2024,5PAISA,Smallcap,Services
15-10-2024,SECMARK,Smallcap,I.T
15-10-2024,ANGELONE,Largecap,Services
15-10-2024,NSIL,Smallcap,Finance
15-10-2024,NETWORK18,Midcap,Media
15-10-2024,MOTILALOFS,Largecap,Services
15-10-2024,SMCGLOBAL,Smallcap,Services
15-10-2024,BIGBLOC,Smallcap,Industrials
16-10-2024,RALLIS,Midcap,Industrials
16-10-2024,IFBIND,Midcap,FMCG
16-10-2024,ORBTEXP,Smallcap,Textiles
16-10-2024,PYRAMID,Smallcap,Services
16-10-2024,GLOBAL,Smallcap,Services
16-10-2024,HDFCAMC,Largecap,Finance
16-10-2024,UTIAMC,Midcap,Finance
16-10-2024,NSIL,Smallcap,Finance
16-10-2024,HTMEDIA,Smallcap,Media
16-10-2024,BEDMUTHA,Smallcap,Metals
16-10-2024,RAILTEL,Midcap,Telecom
16-10-2024,MOL,Smallcap,Industrials
16-10-2024,ABSLAMC,Largecap,Finance
16-10-2024,PRECAM,Smallcap,Auto
17-10-2024,KARURVYSYA,Midcap,Bank
17-10-2024,HIRECT,Smallcap,FMCG
17-10-2024,PYRAMID,Smallcap,Services
17-10-2024,MPHASIS,Largecap,I.T
17-10-2024,NSIL,Smallcap,Finance
17-10-2024,AHLEAST,Smallcap,Services
17-10-2024,BESTAGRO,Smallcap,Industrials
18-10-2024,GFLLIMITED,Smallcap,Finance
18-10-2024,HIRECT,Smallcap,FMCG
18-10-2024,PENIND,Smallcap,Metals
18-10-2024,SILINV,Smallcap,Finance
18-10-2024,TEJASNET,Midcap,Telecom
18-10-2024,VPRPL,Smallcap,Realty
18-10-2024,ARVEE,Smallcap,Industrials
18-10-2024,NSIL,Smallcap,Finance
18-10-2024,MOTILALOFS,Largecap,Services
18-10-2024,HEMIPROP,Smallcap,Realty
21-10-2024,GFLLIMITED,Smallcap,Finance
21-10-2024,MAHSCOOTER,Midcap,Finance
21-10-2024,VHL,Smallcap,Finance
21-10-2024,TATACHEM,Largecap,Industrials
21-10-2024,ZUARIIND,Smallcap,FMCG
21-10-2024,AFSL,Smallcap,Finance
21-10-2024,SILINV,Smallcap,Finance
21-10-2024,TEJASNET,Midcap,Telecom
21-10-2024,GANGESSECU,Smallcap,Finance
21-10-2024,AMBER,Largecap,FMCG
21-10-2024,ARVEE,Smallcap,Industrials
21-10-2024,JSWHL,Largecap,Finance
21-10-2024,NAHARCAP,Smallcap,Finance
21-10-2024,BFINVEST,Smallcap,Finance
21-10-2024,DELPHIFX,Smallcap,Finance
21-10-2024,JPOLYINVST,Smallcap,Finance
21-10-2024,PILANIINVS,Midcap,Finance
22-10-2024,SAURASHCEM,Smallcap,Industrials
22-10-2024,TALBROAUTO,Smallcap,Auto
22-10-2024,UNICHEMLAB,Smallcap,Pharmaceuticals
22-10-2024,MITCON,Smallcap,Miscellaneous
22-10-2024,CUB,Midcap,Bank
23-10-2024,DYCL,Smallcap,Industrials
23-10-2024,GMDCLTD,Midcap,Industrials
23-10-2024,COFORGE,Largecap,I.T
23-10-2024,PERSISTENT,Largecap,I.T
23-10-2024,PAYTM,Largecap,I.T
24-10-2024,HIMATSEIDE,Smallcap,Textiles
24-10-2024,VISHNU,Smallcap,Industrials
24-10-2024,PPLPHARMA,Largecap,Pharmaceuticals
24-10-2024,ASTERDM,Largecap,Pharmaceuticals
24-10-2024,TARACHAND,Smallcap,Miscellaneous
24-10-2024,PAR,Smallcap,Pharmaceuticals
24-10-2024,HPIL,Smallcap,Industrials
24-10-2024,CARERATING,Midcap,Miscellaneous
24-10-2024,SONACOMS,Largecap,Auto
25-10-2024,SALONA,Smallcap,Textiles
25-10-2024,KIRLPNU,Midcap,FMCG
25-10-2024,KAMATHOTEL,Smallcap,Services
25-10-2024,DPWIRES,Smallcap,Metals
25-10-2024,DCBBANK,Smallcap,Bank
28-10-2024,ARE&M,Midcap,Auto
28-10-2024,BHEL,Largecap,FMCG
28-10-2024,KIRLPNU,Midcap,FMCG
28-10-2024,DMCC,Smallcap,Industrials
28-10-2024,SHRIRAMFIN,Largecap,Finance
28-10-2024,SYRMA,Midcap,FMCG
28-10-2024,ACI,Midcap,Industrials
28-10-2024,POONAWALLA,Largecap,Finance
28-10-2024,MEDICO,Smallcap,Pharmaceuticals
28-10-2024,ORIENTELEC,Midcap,FMCG
28-10-2024,LAGNAM,Smallcap,Textiles
28-10-2024,INDIANB,Largecap,Bank
28-10-2024,DLF,Largecap,Realty
28-10-2024,SHARDACROP,Midcap,Industrials
29-10-2024,FEDERALBNK,Largecap,Bank
29-10-2024,GILLETTE,Largecap,FMCG
29-10-2024,LANCORHOL,Smallcap,Realty
29-10-2024,PARADEEP,Midcap,Industrials
29-10-2024,SYRMA,Midcap,FMCG
29-10-2024,JSWINFRA,Largecap,Industrials
29-10-2024,DYCL,Smallcap,Industrials
29-10-2024,RPTECH,Smallcap,Services
29-10-2024,AMIORG,Smallcap,Pharmaceuticals
30-10-2024,JAGSNPHARM,Smallcap,Pharmaceuticals
30-10-2024,POONAWALLA,Largecap,Finance
30-10-2024,ABCAPITAL,Largecap,Finance
30-10-2024,BYKE,Smallcap,Services
30-10-2024,CGCL,Midcap,Finance
30-10-2024,POLYMED,Largecap,Pharmaceuticals
30-10-2024,REDINGTON,Largecap,Services
30-10-2024,IRFC,Largecap,Finance
30-10-2024,KRSNAA,Smallcap,Pharmaceuticals
30-10-2024,DATAPATTNS,Midcap,Aerospace & Defence
31-10-2024,CIPLA,Largecap,Pharmaceuticals
31-10-2024,LT,Largecap,Realty
31-10-2024,AKZOINDIA,Midcap,Industrials
31-10-2024,OCCL,Smallcap,Finance
31-10-2024,EVERESTIND,Smallcap,Industrials
31-10-2024,HECPROJECT,Smallcap,Realty
31-10-2024,BYKE,Smallcap,Services
31-10-2024,JWL,Midcap,FMCG
31-10-2024,AGIIL,Smallcap,Realty
01-11-2024,SIL,Smallcap,Services
01-11-2024,SHREERAMA,Smallcap,Services
01-11-2024,NECCLTD,Smallcap,Services
04-11-2024,SIYSIL,Smallcap,Textiles
04-11-2024,ELGIRUBCO,Smallcap,FMCG
04-11-2024,AZAD,Midcap,Aerospace & Defence
04-11-2024,PRITI,Smallcap,FMCG
04-11-2024,FINEORG,Midcap,Industrials
04-11-2024,SHREERAMA,Smallcap,Services
04-11-2024,TAJGVK,Smallcap,Services
05-11-2024,MRPL,Largecap,Industrials
05-11-2024,KIRLOSBROS,Midcap,FMCG
05-11-2024,BOROLTD,Smallcap,Industrials
05-11-2024,TI,Midcap,FMCG
05-11-2024,WALCHANNAG,Smallcap,FMCG
05-11-2024,ELGIRUBCO,Smallcap,FMCG
05-11-2024,SHANKARA,Smallcap,FMCG
05-11-2024,STEELCITY,Smallcap,Services
05-11-2024,GANESHHOUC,Midcap,Realty
05-11-2024,SOFTTECH,Smallcap,I.T
05-11-2024,SHREERAMA,Smallcap,Services
05-11-2024,GOKUL,Smallcap,FMCG
05-11-2024,TDPOWERSYS,Midcap,FMCG
05-11-2024,GLAND,Largecap,Pharmaceuticals
05-11-2024,PDMJEPAPER,Smallcap,Industrials
06-11-2024,WENDT,Smallcap,FMCG
06-11-2024,FIBERWEB,Smallcap,Textiles
06-11-2024,SUPREMEIND,Largecap,FMCG
06-11-2024,KELLTONTEC,Smallcap,I.T
06-11-2024,MANGCHEFER,Smallcap,Industrials
06-11-2024,ZIMLAB,Smallcap,Pharmaceuticals
06-11-2024,GAIL,Largecap,Industrials
06-11-2024,NDTV,Smallcap,Media
06-11-2024,GOKUL,Smallcap,FMCG
07-11-2024,CENTENKA,Smallcap,Textiles
07-11-2024,SWANENERGY,Midcap,Miscellaneous
07-11-2024,APOLLOHOSP,Largecap,Pharmaceuticals
07-11-2024,WINDMACHIN,Smallcap,FMCG
07-11-2024,AVALON,Midcap,FMCG
07-11-2024,DCMSHRIRAM,Midcap,Miscellaneous
07-11-2024,ITI,Largecap,Aerospace & Defence
07-11-2024,KIOCL,Midcap,Industrials
07-11-2024,CCHHL,Smallcap,Services
07-11-2024,RAMCOIND,Smallcap,Industrials
07-11-2024,JSWHL,Largecap,Finance
07-11-2024,TERASOFT,Smallcap,I.T
07-11-2024,NECCLTD,Smallcap,Services
08-11-2024,VHL,Smallcap,Finance
08-11-2024,INDHOTEL,Largecap,Services
08-11-2024,RELCHEMQ,Smallcap,Textiles
08-11-2024,AVALON,Midcap,FMCG
08-11-2024,ITI,Largecap,Aerospace & Defence
08-11-2024,DOLLAR,Smallcap,FMCG
08-11-2024,INNOVACAP,Midcap,Pharmaceuticals
08-11-2024,JSWHL,Largecap,Finance
08-11-2024,LOKESHMACH,Smallcap,FMCG
08-11-2024,PAGEIND,Largecap,FMCG
08-11-2024,IMFA,Smallcap,Metals
08-11-2024,TERASOFT,Smallcap,I.T
08-11-2024,LATENTVIEW,Midcap,I.T
11-11-2024,VHL,Smallcap,Finance
11-11-2024,SCI,Midcap,Services
11-11-2024,ITI,Largecap,Aerospace & Defence
11-11-2024,VIMTALABS,Smallcap,Pharmaceuticals
11-11-2024,SHANKARA,Smallcap,FMCG
11-11-2024,MAHESHWARI,Smallcap,Services
11-11-2024,ELECTHERM,Smallcap,Metals
11-11-2024,SANDHAR,Smallcap,Auto
11-11-2024,BORORENEW,Midcap,Industrials
11-11-2024,BIOCON,Largecap,Pharmaceuticals
11-11-2024,PFC,Largecap,Finance
11-11-2024,PPAP,Smallcap,Auto
11-11-2024,ARIES,Smallcap,Industrials
12-11-2024,STCINDIA,Smallcap,Services
12-11-2024,HLEGLAS,Smallcap,FMCG
12-11-2024,HMAAGRO,Smallcap,FMCG
12-11-2024,ELECTHERM,Smallcap,Metals
12-11-2024,DEEDEV,Smallcap,Metals
12-11-2024,UNOMINDA,Largecap,Auto
12-11-2024,SASKEN,Smallcap,I.T
12-11-2024,JUBLFOOD,Largecap,Quick Service Restaurant
13-11-2024,WINDMACHIN,Smallcap,FMCG
13-11-2024,KILITCH,Smallcap,Pharmaceuticals
13-11-2024,KNRCON,Midcap,Realty
14-11-2024,BANCOINDIA,Midcap,Auto
14-11-2024,GRWRHITECH,Midcap,Services
14-11-2024,EICHERMOT,Largecap,Auto
14-11-2024,DCAL,Smallcap,Pharmaceuticals
14-11-2024,CAMLINFINE,Smallcap,Industrials
14-11-2024,KIRIINDUS,Smallcap,Industrials
18-11-2024,BANCOINDIA,Midcap,Auto
18-11-2024,LAMBODHARA,Smallcap,Textiles
18-11-2024,LORDSCHLO,Smallcap,Industrials
18-11-2024,ARTNIRMAN,Smallcap,Realty
18-11-2024,SRM,Smallcap,Realty
18-11-2024,FIRSTCRY,Midcap,FMCG
18-11-2024,NATIONALUM,Largecap,Metals
18-11-2024,NSIL,Smallcap,Finance
18-11-2024,JINDALPHOT,Smallcap,Finance
18-11-2024,CAMLINFINE,Smallcap,Industrials
18-11-2024,KIRIINDUS,Smallcap,Industrials
18-11-2024,EXPLEOSOL,Smallcap,I.T
18-11-2024,MUTHOOTFIN,Largecap,Finance
18-11-2024,JPOLYINVST,Smallcap,Finance
19-11-2024,AMJLAND,Smallcap,Realty
19-11-2024,IVP,Smallcap,Industrials
19-11-2024,JASH,Smallcap,FMCG
19-11-2024,AARON,Smallcap,FMCG
19-11-2024,AKUMS,Midcap,Pharmaceuticals
19-11-2024,PAR,Smallcap,Pharmaceuticals
19-11-2024,BALAJITELE,Smallcap,Media
19-11-2024,PGIL,Midcap,FMCG
19-11-2024,ARIES,Smallcap,Industrials
19-11-2024,GPTINFRA,Smallcap,Realty
19-11-2024,MTARTECH,Midcap,Aerospace & Defence
21-11-2024,ARTEMISMED,Smallcap,Pharmaceuticals
21-11-2024,KIRIINDUS,Smallcap,Industrials
21-11-2024,JPOLYINVST,Smallcap,Finance
22-11-2024,INGERRAND,Midcap,FMCG
22-11-2024,JAGSNPHARM,Smallcap,Pharmaceuticals
22-11-2024,RATNAVEER,Smallcap,Metals
22-11-2024,TFCILTD,Smallcap,Finance
22-11-2024,INDOCO,Smallcap,Pharmaceuticals
22-11-2024,VIPCLOTHNG,Smallcap,Textiles
22-11-2024,NAUKRI,Midcap,I.T
22-11-2024,SOBHA,Midcap,Realty
22-11-2024,SPARC,Midcap,Pharmaceuticals
22-11-2024,INCREDIBLE,Smallcap,Metals
22-11-2024,SUPRIYA,Midcap,Pharmaceuticals
25-11-2024,XPROINDIA,Smallcap,Services
25-11-2024,SIEMENS,Largecap,FMCG
25-11-2024,ELGIEQUIP,Midcap,FMCG
25-11-2024,VIMTALABS,Smallcap,Pharmaceuticals
25-11-2024,KREBSBIO,Smallcap,Pharmaceuticals
25-11-2024,KRYSTAL,Smallcap,Miscellaneous
25-11-2024,POLYMED,Largecap,Pharmaceuticals
25-11-2024,SHIVAMAUTO,Smallcap,Auto
25-11-2024,JKIL,Midcap,Realty
25-11-2024,MANINFRA,Midcap,Realty
25-11-2024,SIGMA,Smallcap,I.T
25-11-2024,WINDLAS,Smallcap,Pharmaceuticals
26-11-2024,JINDALPOLY,Smallcap,Textiles
26-11-2024,PEL,Largecap,Finance
26-11-2024,AMJLAND,Smallcap,Realty
26-11-2024,SIYSIL,Smallcap,Textiles
26-11-2024,MINDTECK,Smallcap,I.T
26-11-2024,KREBSBIO,Smallcap,Pharmaceuticals
26-11-2024,STERTOOLS,Smallcap,Industrials
26-11-2024,TTML,Midcap,Telecom
26-11-2024,RPPINFRA,Smallcap,Realty
26-11-2024,TRITURBINE,Midcap,FMCG
27-11-2024,XPROINDIA,Smallcap,Services
27-11-2024,LAMBODHARA,Smallcap,Textiles
27-11-2024,RUBFILA,Smallcap,FMCG
27-11-2024,SHAILY,Midcap,FMCG
27-11-2024,RUBYMILLS,Smallcap,Textiles
27-11-2024,MINDTECK,Smallcap,I.T
27-11-2024,JAYBARMARU,Smallcap,Auto
27-11-2024,SINCLAIR,Smallcap,Services
27-11-2024,FEDFINA,Smallcap,Finance
27-11-2024,SARLAPOLY,Smallcap,Textiles
27-11-2024,SCILAL,Smallcap,Miscellaneous
27-11-2024,ATGL,Largecap,Industrials
27-11-2024,OLAELEC,Largecap,Auto
27-11-2024,HGS,Smallcap,I.T
27-11-2024,ADANIPOWER,Largecap,Miscellaneous
27-11-2024,RAMKY,Smallcap,Realty
27-11-2024,QUESS,Smallcap,Miscellaneous
28-11-2024,BLISSGVS,Smallcap,Pharmaceuticals
28-11-2024,HINDCON,Smallcap,Industrials
28-11-2024,ATGL,Largecap,Industrials
28-11-2024,UJJIVANSFB,Midcap,Bank
28-11-2024,AGARIND,Smallcap,Oils
28-11-2024,VIPCLOTHNG,Smallcap,Textiles
28-11-2024,CINELINE,Smallcap,Media
28-11-2024,SELMC,Smallcap,Textiles
28-11-2024,ADANIPOWER,Largecap,Miscellaneous
28-11-2024,MANINFRA,Midcap,Realty
28-11-2024,KRITINUT,Smallcap,FMCG
28-11-2024,NAVKARCORP,Smallcap,Services
29-11-2024,FACT,Largecap,Industrials
29-11-2024,IGPL,Smallcap,Industrials
29-11-2024,KSL,Smallcap,Metals
29-11-2024,TIRUMALCHM,Smallcap,Industrials
29-11-2024,JAGSNPHARM,Smallcap,Pharmaceuticals
29-11-2024,JINDRILL,Smallcap,Oils
29-11-2024,LLOYDSME,Largecap,Industrials
29-11-2024,SOMATEX,Smallcap,Services
29-11-2024,MCL,Smallcap,Industrials
29-11-2024,HINDCON,Smallcap,Industrials
29-11-2024,BSHSL,Smallcap,FMCG
29-11-2024,BALAJITELE,Smallcap,Media
29-11-2024,MANGALAM,Smallcap,Pharmaceuticals
29-11-2024,SELMC,Smallcap,Textiles
29-11-2024,MANINFRA,Midcap,Realty
29-11-2024,FAIRCHEMOR,Smallcap,Industrials
29-11-2024,SIGACHI,Smallcap,Pharmaceuticals
29-11-2024,ADANIENSOL,Largecap,Miscellaneous
29-11-2024,PDMJEPAPER,Smallcap,Industrials
02-12-2024,AGI,Midcap,Services
02-12-2024,JINDALPOLY,Smallcap,Textiles
02-12-2024,WSTCSTPAPR,Smallcap,Industrials
02-12-2024,CASTROLIND,Largecap,Industrials
02-12-2024,ORIENTPPR,Smallcap,Industrials
02-12-2024,SIYSIL,Smallcap,Textiles
02-12-2024,NELCO,Smallcap,Telecom
02-12-2024,COSMOFIRST,Smallcap,Services
02-12-2024,HIMATSEIDE,Smallcap,Textiles
02-12-2024,SHREYANIND,Smallcap,Industrials
02-12-2024,STARPAPER,Smallcap,Industrials
02-12-2024,INOXGREEN,Midcap,Miscellaneous
02-12-2024,ASAL,Smallcap,Auto
02-12-2024,TRANSWORLD,Smallcap,Services
02-12-2024,HIKAL,Smallcap,Pharmaceuticals
02-12-2024,MCL,Smallcap,Industrials
02-12-2024,NOVAAGRI,Smallcap,Industrials
02-12-2024,TNPL,Smallcap,Industrials
02-12-2024,PAR,Smallcap,Pharmaceuticals
02-12-2024,AFFLE,Largecap,I.T
02-12-2024,HAPPSTMNDS,Midcap,I.T
02-12-2024,IZMO,Smallcap,I.T
02-12-2024,DSSL,Smallcap,I.T
02-12-2024,RAMCOSYS,Smallcap,I.T
02-12-2024,RUCHIRA,Smallcap,Industrials
02-12-2024,EMAMIPAP,Smallcap,Industrials
02-12-2024,INOXWIND,Largecap,FMCG
02-12-2024,SHREEPUSHK,Smallcap,Industrials
03-12-2024,TATAELXSI,Largecap,I.T
03-12-2024,RESPONIND,Midcap,FMCG
03-12-2024,DMCC,Smallcap,Industrials
03-12-2024,KANPRPLA,Smallcap,Services
03-12-2024,INDBANK,Smallcap,Services
03-12-2024,BSL,Smallcap,Textiles
03-12-2024,HARSHA,Smallcap,Auto
03-12-2024,NSLNISP,Midcap,Metals
03-12-2024,JINDWORLD,Midcap,Textiles
03-12-2024,LINCOLN,Smallcap,Pharmaceuticals
03-12-2024,INDRAMEDCO,Smallcap,Pharmaceuticals
03-12-2024,CERA,Midcap,Industrials
03-12-2024,KUANTUM,Smallcap,Industrials
03-12-2024,GPPL,Midcap,Industrials
03-12-2024,RHIM,Midcap,Industrials
03-12-2024,SHIVALIK,Smallcap,Industrials
04-12-2024,BPL,Smallcap,FMCG
04-12-2024,CENTRUM,Smallcap,Finance
04-12-2024,SWANENERGY,Midcap,Miscellaneous
04-12-2024,BANSWRAS,Smallcap,Textiles
04-12-2024,TEXINFRA,Smallcap,Realty
04-12-2024,BHARATGEAR,Smallcap,Auto
04-12-2024,HEG,Midcap,FMCG
04-12-2024,INDIANCARD,Smallcap,Textiles
04-12-2024,GANDHITUBE,Smallcap,Metals
04-12-2024,ORICONENT,Smallcap,Services
04-12-2024,APCL,Smallcap,Industrials
04-12-2024,SKMEGGPROD,Smallcap,FMCG
04-12-2024,STARCEMENT,Midcap,Industrials
04-12-2024,ARTNIRMAN,Smallcap,Realty
04-12-2024,KOTHARIPRO,Smallcap,Services
04-12-2024,ZIMLAB,Smallcap,Pharmaceuticals
04-12-2024,LINCOLN,Smallcap,Pharmaceuticals
04-12-2024,DHANBANK,Smallcap,Bank
04-12-2024,IOB,Largecap,Bank
04-12-2024,UCOBANK,Largecap,Bank
04-12-2024,SPLIL,Smallcap,Services
04-12-2024,CENTRALBK,Largecap,Bank
04-12-2024,PSB,Largecap,Bank
04-12-2024,LOVABLE,Smallcap,Textiles
04-12-2024,WONDERLA,Smallcap,Media
04-12-2024,SHIVALIK,Smallcap,Industrials
05-12-2024,LAMBODHARA,Smallcap,Textiles
05-12-2024,MAHSEAMLES,Midcap,Metals
05-12-2024,CASTROLIND,Largecap,Industrials
05-12-2024,STYRENIX,Midcap,Oils
05-12-2024,MANINDS,Smallcap,Metals
05-12-2024,SURYALAXMI,Smallcap,Textiles
05-12-2024,MMFL,Smallcap,Industrials
05-12-2024,KPIL,Midcap,Realty
05-12-2024,CDSL,Largecap,Financial Services
05-12-2024,ARTNIRMAN,Smallcap,Realty
05-12-2024,NITIRAJ,Smallcap,FMCG
05-12-2024,LIKHITHA,Smallcap,Realty
05-12-2024,REPRO,Smallcap,Miscellaneous
06-12-2024,UMANGDAIRY,Smallcap,FMCG
06-12-2024,RAIN,Smallcap,Miscellaneous
06-12-2024,RUBFILA,Smallcap,FMCG
06-12-2024,TEXINFRA,Smallcap,Realty
06-12-2024,GABRIEL,Midcap,Auto
06-12-2024,STARTECK,Smallcap,Finance
06-12-2024,DELHIVERY,Largecap,Services
06-12-2024,SALZERELEC,Smallcap,FMCG
06-12-2024,HBLENGINE,Midcap,Auto
06-12-2024,OMAXAUTO,Smallcap,Auto
06-12-2024,SUPERHOUSE,Smallcap,FMCG
06-12-2024,RHL,Smallcap,Services
06-12-2024,ELGIRUBCO,Smallcap,FMCG
06-12-2024,ASPINWALL,Smallcap,Services
06-12-2024,SOTL,Smallcap,Oils
06-12-2024,BRNL,Smallcap,Realty
06-12-2024,EMSLIMITED,Smallcap,Realty
06-12-2024,THEJO,Smallcap,Industrials
06-12-2024,ARTNIRMAN,Smallcap,Realty
06-12-2024,AIRAN,Smallcap,I.T
06-12-2024,GOLDIAM,Smallcap,Miscellaneous
06-12-2024,ASIANENE,Smallcap,Oils
06-12-2024,CHEMFAB,Smallcap,Industrials
06-12-2024,OMINFRAL,Smallcap,Realty
06-12-2024,RPSGVENT,Smallcap,I.T
06-12-2024,BORORENEW,Midcap,Industrials
06-12-2024,DJML,Smallcap,Services
06-12-2024,AXISCADES,Smallcap,I.T
06-12-2024,CTE,Smallcap,I.T
06-12-2024,INDOWIND,Smallcap,Miscellaneous
06-12-2024,BGRENERGY,Smallcap,Realty
06-12-2024,SAMPANN,Smallcap,FMCG
06-12-2024,DRCSYSTEMS,Smallcap,I.T
06-12-2024,HPL,Smallcap,FMCG
09-12-2024,LAMBODHARA,Smallcap,Textiles
09-12-2024,MTNL,Smallcap,Telecom
09-12-2024,UMANGDAIRY,Smallcap,FMCG
09-12-2024,MIRCELECTR,Smallcap,FMCG
09-12-2024,RSWM,Smallcap,Textiles
09-12-2024,CEATLTD,Midcap,Auto
09-12-2024,BANSWRAS,Smallcap,Textiles
09-12-2024,INDIANCARD,Smallcap,Textiles
09-12-2024,STARTECK,Smallcap,Finance
09-12-2024,DONEAR,Smallcap,Textiles
09-12-2024,ORBTEXP,Smallcap,Textiles
09-12-2024,MHLXMIRU,Smallcap,Textiles
09-12-2024,ROTO,Smallcap,FMCG
09-12-2024,ICIL,Midcap,Textiles
09-12-2024,TRIDENT,Midcap,Textiles
09-12-2024,NAHARPOLY,Smallcap,Services
09-12-2024,MAZDA,Smallcap,FMCG
09-12-2024,SARLAPOLY,Smallcap,Textiles
09-12-2024,JKTYRE,Midcap,Auto
09-12-2024,MOKSH,Smallcap,Miscellaneous
09-12-2024,SOUTHWEST,Smallcap,Industrials
09-12-2024,MARINE,Smallcap,FMCG
09-12-2024,AMBIKCO,Smallcap,Textiles
09-12-2024,GOKEX,Midcap,FMCG
09-12-2024,NITINSPIN,Smallcap,Textiles
09-12-2024,BGRENERGY,Smallcap,Realty
09-12-2024,BIRLAMONEY,Smallcap,Services
09-12-2024,RBL,Smallcap,Auto
09-12-2024,SAMPANN,Smallcap,FMCG
09-12-2024,SRGHFL,Smallcap,Finance
09-12-2024,DRCSYSTEMS,Smallcap,I.T
09-12-2024,PDSL,Midcap,Services
09-12-2024,MAPMYINDIA,Midcap,I.T
09-12-2024,MAXIND,Smallcap,Finance
10-12-2024,SUNDRMBRAK,Smallcap,Auto
10-12-2024,GHCL,Midcap,Industrials
10-12-2024,CONSOFINVT,Smallcap,Finance
10-12-2024,RAYMOND,Smallcap,Miscellaneous
10-12-2024,GREAVESCOT,Smallcap,FMCG
10-12-2024,RUBYMILLS,Smallcap,Textiles
10-12-2024,UNIVCABLES,Smallcap,Industrials
10-12-2024,HINDCOMPOS,Smallcap,Auto
10-12-2024,GATEWAY,Smallcap,Services
10-12-2024,ORBTEXP,Smallcap,Textiles
10-12-2024,SSWL,Smallcap,Auto
10-12-2024,MHLXMIRU,Smallcap,Textiles
10-12-2024,DCMSRIND,Smallcap,FMCG
10-12-2024,ALBERTDAVD,Smallcap,Pharmaceuticals
10-12-2024,UTKARSHBNK,Smallcap,Bank
10-12-2024,NACLIND,Smallcap,Industrials
10-12-2024,MAHESHWARI,Smallcap,Services
10-12-2024,NAM-INDIA,Largecap,Finance
10-12-2024,MUFTI,Smallcap,FMCG
10-12-2024,MOKSH,Smallcap,Miscellaneous
10-12-2024,VARROC,Midcap,Auto
10-12-2024,CSBBANK,Midcap,Bank
10-12-2024,NDRAUTO,Smallcap,Auto
10-12-2024,VAIBHAVGBL,Smallcap,Miscellaneous
10-12-2024,IZMO,Smallcap,I.T
10-12-2024,JBMA,Midcap,Auto
10-12-2024,SHIVAMAUTO,Smallcap,Auto
10-12-2024,CINELINE,Smallcap,Media
10-12-2024,BGRENERGY,Smallcap,Realty
10-12-2024,CORDSCABLE,Smallcap,Industrials
10-12-2024,BIRLAMONEY,Smallcap,Services
10-12-2024,MOLDTKPAC,Smallcap,Services
10-12-2024,BAJAJCON,Smallcap,FMCG
10-12-2024,A2ZINFRA,Smallcap,Realty
10-12-2024,CLEAN,Midcap,Industrials
10-12-2024,ROLEXRINGS,Smallcap,Industrials
10-12-2024,SATIN,Smallcap,Finance
11-12-2024,LAMBODHARA,Smallcap,Textiles
11-12-2024,JISLJALEQS,Smallcap,FMCG
11-12-2024,SUNFLAG,Smallcap,Metals
11-12-2024,SHAILY,Midcap,FMCG
11-12-2024,NIPPOBATRY,Smallcap,Miscellaneous
11-12-2024,ALEMBICLTD,Smallcap,Realty
11-12-2024,AYMSYNTEX,Smallcap,Textiles
11-12-2024,GOACARBON,Smallcap,Oils
11-12-2024,VERANDA,Smallcap,Services
11-12-2024,MHLXMIRU,Smallcap,Textiles
11-12-2024,PAKKA,Smallcap,Industrials
11-12-2024,GIPCL,Smallcap,Miscellaneous
11-12-2024,TREL,Smallcap,Services
11-12-2024,SARLAPOLY,Smallcap,Textiles
11-12-2024,DIGIDRIVE,Smallcap,I.T
11-12-2024,ASIANENE,Smallcap,Oils
11-12-2024,RKSWAMY,Smallcap,Miscellaneous
11-12-2024,SOFTTECH,Smallcap,I.T
11-12-2024,SHILPAMED,Midcap,Pharmaceuticals
11-12-2024,IRCON,Midcap,Realty
11-12-2024,AWFIS,Smallcap,Miscellaneous
11-12-2024,IXIGO,Midcap,I.T
11-12-2024,LGHL,Smallcap,Miscellaneous
11-12-2024,XCHANGING,Smallcap,I.T
11-12-2024,OMAXE,Smallcap,Realty
11-12-2024,ASIANTILES,Smallcap,Industrials
11-12-2024,TITAGARH,Midcap,FMCG
11-12-2024,JWL,Midcap,FMCG
11-12-2024,SHRIRAMPPS,Smallcap,Realty
11-12-2024,PNCINFRA,Midcap,Realty
11-12-2024,GENCON,Smallcap,Realty
12-12-2024,DICIND,Smallcap,Industrials
12-12-2024,MTNL,Smallcap,Telecom
12-12-2024,GHCL,Midcap,Industrials
12-12-2024,DCM,Smallcap,Industrials
12-12-2024,CENTUM,Smallcap,FMCG
12-12-2024,STARCEMENT,Midcap,Industrials
12-12-2024,SOFTTECH,Smallcap,I.T
12-12-2024,CHALET,Midcap,Services
12-12-2024,TTML,Midcap,Telecom
12-12-2024,3IINFOLTD,Smallcap,I.T
12-12-2024,AUTOIND,Smallcap,Auto
12-12-2024,SASTASUNDR,Smallcap,Finance
13-12-2024,BPL,Smallcap,FMCG
13-12-2024,DCM,Smallcap,Industrials
13-12-2024,SIYSIL,Smallcap,Textiles
13-12-2024,ORBTEXP,Smallcap,Textiles
13-12-2024,CENTUM,Smallcap,FMCG
13-12-2024,UNITEDTEA,Smallcap,FMCG
13-12-2024,PREMEXPLN,Smallcap,Industrials
13-12-2024,BAJEL,Smallcap,Realty
13-12-2024,AIROLAM,Smallcap,Plywood Boards/Laminates
13-12-2024,REPL,Smallcap,Miscellaneous
13-12-2024,IZMO,Smallcap,I.T
13-12-2024,APTECHT,Smallcap,I.T
13-12-2024,HILTON,Smallcap,Industrials
13-12-2024,EMMBI,Smallcap,Services
16-12-2024,GANESHBE,Smallcap,Miscellaneous
16-12-2024,KAKATCEM,Smallcap,Industrials
16-12-2024,RSWM,Smallcap,Textiles
16-12-2024,UCAL,Smallcap,Auto
16-12-2024,HARRMALAYA,Smallcap,FMCG
16-12-2024,ANDHRAPAP,Smallcap,Industrials
16-12-2024,SIYSIL,Smallcap,Textiles
16-12-2024,ORIENTCER,Smallcap,Industrials
16-12-2024,COSMOFIRST,Smallcap,Services
16-12-2024,DONEAR,Smallcap,Textiles
16-12-2024,AVANTIFEED,Midcap,FMCG
16-12-2024,PIONEEREMB,Smallcap,Textiles
16-12-2024,KELLTONTEC,Smallcap,I.T
16-12-2024,MARALOVER,Smallcap,Textiles
16-12-2024,ZODIACLOTH,Smallcap,FMCG
16-12-2024,APEX,Smallcap,FMCG
16-12-2024,ZOTA,Smallcap,Pharmaceuticals
16-12-2024,ALPHAGEO,Smallcap,Miscellaneous
16-12-2024,LIBERTSHOE,Smallcap,FMCG
16-12-2024,YASHO,Smallcap,Industrials
16-12-2024,LINC,Smallcap,Miscellaneous
16-12-2024,TNPL,Smallcap,Industrials
16-12-2024,AGARIND,Smallcap,Oils
16-12-2024,WOCKPHARMA,Largecap,Pharmaceuticals
16-12-2024,BALAJITELE,Smallcap,Media
16-12-2024,DATAMATICS,Smallcap,I.T
16-12-2024,SPARC,Midcap,Pharmaceuticals
16-12-2024,INDOWIND,Smallcap,Miscellaneous
16-12-2024,PPAP,Smallcap,Auto
16-12-2024,EMAMIPAP,Smallcap,Industrials
16-12-2024,FAIRCHEMOR,Smallcap,Industrials
16-12-2024,PDSL,Midcap,Services
16-12-2024,BAJAJHCARE,Smallcap,Pharmaceuticals
16-12-2024,COMSYN,Smallcap,Services
17-12-2024,KSL,Smallcap,Metals
17-12-2024,DMCC,Smallcap,Industrials
17-12-2024,WALCHANNAG,Smallcap,FMCG
17-12-2024,KHAICHEM,Smallcap,Industrials
17-12-2024,INDIANCARD,Smallcap,Textiles
17-12-2024,DONEAR,Smallcap,Textiles
17-12-2024,PRICOLLTD,Midcap,Auto
17-12-2024,DCXINDIA,Smallcap,Aerospace & Defence
17-12-2024,AKSHARCHEM,Smallcap,Industrials
17-12-2024,EMSLIMITED,Smallcap,Realty
17-12-2024,PLAZACABLE,Smallcap,Industrials
17-12-2024,MANOMAY,Smallcap,Textiles
17-12-2024,BLUEJET,Midcap,Pharmaceuticals
17-12-2024,JYOTICNC,Largecap,FMCG
17-12-2024,HPIL,Smallcap,Industrials
17-12-2024,SOMICONVEY,Smallcap,FMCG
17-12-2024,EXPLEOSOL,Smallcap,I.T
17-12-2024,ISFT,Smallcap,I.T
17-12-2024,RPPINFRA,Smallcap,Realty
17-12-2024,FAIRCHEMOR,Smallcap,Industrials
17-12-2024,PROZONER,Smallcap,Miscellaneous
17-12-2024,QUESS,Smallcap,Miscellaneous
18-12-2024,UNIENTER,Smallcap,Services
18-12-2024,MANKIND,Largecap,Pharmaceuticals
18-12-2024,APCOTEXIND,Smallcap,Industrials
18-12-2024,WIPL,Smallcap,Plywood Boards/Laminates
18-12-2024,MANOMAY,Smallcap,Textiles
18-12-2024,BLUEJET,Midcap,Pharmaceuticals
18-12-2024,AIROLAM,Smallcap,Plywood Boards/Laminates
18-12-2024,BHARTIHEXA,Largecap,Telecom
18-12-2024,SUTLEJTEX,Smallcap,Textiles
18-12-2024,KPRMILL,Largecap,FMCG
18-12-2024,BAJAJHCARE,Smallcap,Pharmaceuticals
19-12-2024,CHENNPETRO,Midcap,Industrials
19-12-2024,COASTCORP,Smallcap,FMCG
19-12-2024,PUNJABCHEM,Smallcap,Industrials
19-12-2024,PIONEEREMB,Smallcap,Textiles
19-12-2024,SINCLAIR,Smallcap,Services
19-12-2024,MAZDA,Smallcap,FMCG
19-12-2024,IOLCP,Smallcap,Pharmaceuticals
19-12-2024,VALIANTLAB,Smallcap,Pharmaceuticals
19-12-2024,TNPL,Smallcap,Industrials
19-12-2024,BIRLAMONEY,Smallcap,Services
19-12-2024,VASCONEQ,Smallcap,Realty
19-12-2024,COMSYN,Smallcap,Services
20-12-2024,AEGISLOG,Largecap,Services
20-12-2024,SALZERELEC,Smallcap,FMCG
20-12-2024,GICRE,Largecap,Services
20-12-2024,KOTHARIPRO,Smallcap,Services
20-12-2024,LAGNAM,Smallcap,Textiles
20-12-2024,UNIVPHOTO,Smallcap,FMCG
20-12-2024,EMMBI,Smallcap,Services
23-12-2024,UCAL,Smallcap,Auto
23-12-2024,HINDMOTORS,Smallcap,Auto
23-12-2024,SADHNANIQ,Smallcap,Industrials
23-12-2024,BSL,Smallcap,Textiles
23-12-2024,PVP,Smallcap,Realty
23-12-2024,INDIACEM,Midcap,Industrials
23-12-2024,SIGNPOST,Smallcap,Miscellaneous
23-12-2024,AARON,Smallcap,FMCG
23-12-2024,EMMBI,Smallcap,Services
23-12-2024,ARSSINFRA,Smallcap,Realty
23-12-2024,INTELLECT,Midcap,I.T
24-12-2024,FINCABLES,Midcap,Industrials
24-12-2024,HINDMOTORS,Smallcap,Auto
24-12-2024,TRF,Smallcap,FMCG
24-12-2024,AMNPLST,Smallcap,Industrials
24-12-2024,AARTIDRUGS,Smallcap,Pharmaceuticals
24-12-2024,INTERARCH,Smallcap,Metals
24-12-2024,TRIVENI,Midcap,FMCG
24-12-2024,NECCLTD,Smallcap,Services
26-12-2024,GODFRYPHLP,Largecap,FMCG
26-12-2024,SIGIND,Smallcap,Services
26-12-2024,AARTIPHARM,Midcap,Pharmaceuticals
26-12-2024,GALAPREC,Smallcap,Industrials
26-12-2024,DCI,Smallcap,Services
26-12-2024,DHANBANK,Smallcap,Bank
26-12-2024,INTELLECT,Midcap,I.T
27-12-2024,FINPIPE,Midcap,FMCG
27-12-2024,GREAVESCOT,Smallcap,FMCG
27-12-2024,MANGLMCEM,Smallcap,Industrials
27-12-2024,NCLIND,Smallcap,Industrials
27-12-2024,MODISONLTD,Smallcap,FMCG
27-12-2024,TRACXN,Smallcap,I.T
27-12-2024,AARTIPHARM,Midcap,Pharmaceuticals
27-12-2024,ELGIRUBCO,Smallcap,FMCG
27-12-2024,WORTH,Smallcap,Services
27-12-2024,ARMANFIN,Smallcap,Finance
27-12-2024,WCIL,Smallcap,Services
27-12-2024,GENSOL,Smallcap,Realty
27-12-2024,AJANTPHARM,Largecap,Pharmaceuticals
27-12-2024,PROZONER,Smallcap,Miscellaneous
27-12-2024,TARSONS,Smallcap,Pharmaceuticals
27-12-2024,PTCIL,Largecap,Industrials
30-12-2024,BAJAJHLDNG,Largecap,Finance
30-12-2024,GREAVESCOT,Smallcap,FMCG
30-12-2024,MVGJL,Smallcap,Miscellaneous
30-12-2024,APOLLO,Smallcap,Aerospace & Defence
30-12-2024,HAPPSTMNDS,Midcap,I.T
30-12-2024,VIRINCHI,Smallcap,I.T
30-12-2024,CERA,Midcap,Industrials
30-12-2024,GREENLAM,Midcap,Plywood Boards/Laminates
31-12-2024,CHENNPETRO,Midcap,Industrials
31-12-2024,SURYAROSNI,Midcap,Metals
31-12-2024,AVANTIFEED,Midcap,FMCG
31-12-2024,KIOCL,Midcap,Industrials
31-12-2024,APEX,Smallcap,FMCG
31-12-2024,RITES,Midcap,Miscellaneous
31-12-2024,LAGNAM,Smallcap,Textiles
31-12-2024,DCI,Smallcap,Services
31-12-2024,TVSELECT,Smallcap,I.T
31-12-2024,REDINGTON,Largecap,Services
31-12-2024,RACE,Smallcap,Services
01-01-2025,GINNIFILA,Smallcap,Textiles
01-01-2025,BLUESTARCO,Largecap,FMCG
01-01-2025,EIHAHOTELS,Smallcap,Services
01-01-2025,XTGLOBAL,Smallcap,I.T
01-01-2025,TAJGVK,Smallcap,Services
01-01-2025,STAR,Midcap,Pharmaceuticals
01-01-2025,CENTURYPLY,Midcap,Plywood Boards/Laminates
01-01-2025,3IINFOLTD,Smallcap,I.T
01-01-2025,ROHLTD,Smallcap,Services
01-01-2025,TICL,Smallcap,Realty
01-01-2025,TANLA,Midcap,I.T
01-01-2025,CAMLINFINE,Smallcap,Industrials
01-01-2025,MANAKSIA,Smallcap,Services
01-01-2025,VGUARD,Midcap,FMCG
01-01-2025,KECL,Smallcap,FMCG
01-01-2025,SJVN,Largecap,Miscellaneous
01-01-2025,PROZONER,Smallcap,Miscellaneous
01-01-2025,AIIL,Largecap,Finance
01-01-2025,AURUM,Smallcap,I.T
02-01-2025,BAJFINANCE,Largecap,Finance
02-01-2025,SUNDARMFIN,Largecap,Finance
02-01-2025,LORDSCHLO,Smallcap,Industrials
02-01-2025,DECCANCE,Smallcap,Industrials
02-01-2025,ZENSARTECH,Midcap,I.T
02-01-2025,AMNPLST,Smallcap,Industrials
02-01-2025,GOCLCORP,Smallcap,Industrials
02-01-2025,MONARCH,Smallcap,Services
02-01-2025,RICOAUTO,Smallcap,Auto
02-01-2025,RIIL,Smallcap,Services
02-01-2025,CREDITACC,Midcap,Finance
02-01-2025,CTE,Smallcap,I.T
02-01-2025,BAJAJFINSV,Largecap,Finance
02-01-2025,PROZONER,Smallcap,Miscellaneous
02-01-2025,SAMMAANCAP,Midcap,Finance
03-01-2025,ONGC,Largecap,Oils
03-01-2025,DECCANCE,Smallcap,Industrials
03-01-2025,AVONMORE,Smallcap,Finance
03-01-2025,LLOYDSME,Largecap,Industrials
03-01-2025,JTEKTINDIA,Smallcap,Auto
03-01-2025,JAYNECOIND,Smallcap,Metals
03-01-2025,KINGFA,Smallcap,FMCG
03-01-2025,DMART,Largecap,FMCG
03-01-2025,APOLLO,Smallcap,Aerospace & Defence
03-01-2025,MEGASTAR,Smallcap,FMCG
03-01-2025,SPENCERS,Smallcap,FMCG
03-01-2025,SAREGAMA,Midcap,Media
03-01-2025,ITDC,Midcap,Services
03-01-2025,BASML,Smallcap,Textiles
03-01-2025,ASTEC,Smallcap,Industrials
03-01-2025,NURECA,Smallcap,I.T
03-01-2025,LLOYDSENGG,Midcap,FMCG
06-01-2025,MANCREDIT,Smallcap,Finance
06-01-2025,AVONMORE,Smallcap,Finance
06-01-2025,USK,Smallcap,Realty
06-01-2025,KIOCL,Midcap,Industrials
06-01-2025,BALAXI,Smallcap,Pharmaceuticals
06-01-2025,VASWANI,Smallcap,Metals
06-01-2025,JTLIND,Smallcap,Metals
06-01-2025,NURECA,Smallcap,I.T
06-01-2025,THYROCARE,Midcap,Pharmaceuticals
07-01-2025,KIRLOSBROS,Midcap,FMCG
07-01-2025,SDBL,Smallcap,FMCG
07-01-2025,MAZDA,Smallcap,FMCG
07-01-2025,ZOTA,Smallcap,Pharmaceuticals
07-01-2025,GOLDIAM,Smallcap,Miscellaneous
07-01-2025,ONEPOINT,Smallcap,I.T
07-01-2025,SPANDANA,Smallcap,Finance
07-01-2025,ASMS,Smallcap,I.T
07-01-2025,EMBDL,Midcap,Miscellaneous
07-01-2025,CANTABIL,Smallcap,Textiles
07-01-2025,VIJAYA,Midcap,Pharmaceuticals
07-01-2025,PARAS,Midcap,Aerospace & Defence
07-01-2025,PTCIL,Largecap,Industrials
08-01-2025,PHOENIXLTD,Largecap,Realty
08-01-2025,VISAKAIND,Smallcap,Industrials
08-01-2025,STCINDIA,Smallcap,Services
08-01-2025,MMTC,Midcap,Services
08-01-2025,ANANTRAJ,Midcap,Realty
08-01-2025,ASHIANA,Smallcap,Realty
08-01-2025,RAMAPHO,Smallcap,Industrials
08-01-2025,SUVEN,Smallcap,Pharmaceuticals
08-01-2025,CREDITACC,Midcap,Finance
08-01-2025,SPANDANA,Smallcap,Finance
08-01-2025,MUKTAARTS,Smallcap,Media
08-01-2025,POKARNA,Smallcap,FMCG
09-01-2025,FOSECOIND,Smallcap,Industrials
09-01-2025,INDORAMA,Smallcap,Textiles
09-01-2025,SRF,Largecap,Industrials
09-01-2025,ALKYLAMINE,Midcap,Industrials
09-01-2025,YUKEN,Smallcap,FMCG
09-01-2025,GSLSU,Smallcap,FMCG
09-01-2025,GTPL,Smallcap,Media
09-01-2025,BALAMINES,Smallcap,Industrials
09-01-2025,NAVINFLUOR,Largecap,Industrials
09-01-2025,KAMDHENU,Smallcap,Metals
10-01-2025,MAZDA,Smallcap,FMCG
10-01-2025,CUBEXTUB,Smallcap,Metals
10-01-2025,RKFORGE,Midcap,Industrials
10-01-2025,TCS,Largecap,I.T
10-01-2025,NURECA,Smallcap,I.T
10-01-2025,ANANDRATHI,Midcap,Finance
13-01-2025,PRSMJOHNSN,Midcap,Industrials
13-01-2025,CUBEXTUB,Smallcap,Metals
13-01-2025,UNIVASTU,Smallcap,Realty
13-01-2025,GRMOVER,Smallcap,FMCG
13-01-2025,VIRINCHI,Smallcap,I.T
14-01-2025,BRNL,Smallcap,Realty
14-01-2025,BALAXI,Smallcap,Pharmaceuticals
14-01-2025,OLECTRA,Midcap,Auto
14-01-2025,MAHABANK,Largecap,Bank
15-01-2025,INDORAMA,Smallcap,Textiles
15-01-2025,PRAKASH,Smallcap,Metals
15-01-2025,SANGAMIND,Smallcap,Textiles
15-01-2025,TRIGYN,Smallcap,I.T
15-01-2025,ALOKINDS,Midcap,Textiles
15-01-2025,KRISHANA,Smallcap,Industrials
15-01-2025,MBAPL,Smallcap,Industrials
15-01-2025,WEL,Smallcap,FMCG
15-01-2025,360ONE,Largecap,Finance
16-01-2025,IDBI,Largecap,Bank
16-01-2025,DHAMPURSUG,Smallcap,FMCG
16-01-2025,RAJSREESUG,Smallcap,FMCG
16-01-2025,TCPLPACK,Smallcap,Services
16-01-2025,3MINDIA,Largecap,Miscellaneous
16-01-2025,AEROFLEX,Smallcap,Metals
16-01-2025,HDFCLIFE,Largecap,Services
16-01-2025,UGARSUGAR,Smallcap,FMCG
16-01-2025,IRCON,Midcap,Realty
16-01-2025,RVNL,Largecap,Realty
16-01-2025,SWSOLAR,Midcap,Realty
16-01-2025,GMDCLTD,Midcap,Industrials
16-01-2025,PSB,Largecap,Bank
16-01-2025,NAZARA,Midcap,Telecom
16-01-2025,LTTS,Largecap,I.T
17-01-2025,RAJSREESUG,Smallcap,FMCG
17-01-2025,HINDMOTORS,Smallcap,Auto
17-01-2025,GSFC,Midcap,Industrials
17-01-2025,SATINDLTD,Smallcap,Metals
17-01-2025,GUJAPOLLO,Smallcap,FMCG
17-01-2025,MAHEPC,Smallcap,FMCG
17-01-2025,AEROFLEX,Smallcap,Metals
17-01-2025,GANESHHOUC,Midcap,Realty
17-01-2025,BDL,Largecap,Aerospace & Defence
17-01-2025,FCL,Smallcap,Industrials
17-01-2025,NBCC,Largecap,Realty
17-01-2025,BLS,Midcap,I.T
20-01-2025,GANESHBE,Smallcap,Miscellaneous
20-01-2025,INDIAGLYCO,Midcap,FMCG
20-01-2025,WIPRO,Largecap,I.T
20-01-2025,MUNJALSHOW,Smallcap,Auto
20-01-2025,UYFINCORP,Smallcap,Finance
20-01-2025,CYBERTECH,Smallcap,I.T
20-01-2025,GLOBUSSPR,Smallcap,FMCG
20-01-2025,VETO,Smallcap,FMCG
21-01-2025,SHIVATEX,Smallcap,Textiles
21-01-2025,ONWARDTEC,Smallcap,I.T
21-01-2025,MEDANTA,Largecap,Pharmaceuticals
22-01-2025,BBTC,Midcap,Auto
22-01-2025,JSFB,Midcap,Bank
23-01-2025,CONSOFINVT,Smallcap,Finance
23-01-2025,PIDILITIND,Largecap,Industrials
23-01-2025,ZENSARTECH,Midcap,I.T
23-01-2025,JAGSNPHARM,Smallcap,Pharmaceuticals
23-01-2025,KEI,Largecap,Industrials
23-01-2025,GODIGIT,Largecap,Services
23-01-2025,CYBERTECH,Smallcap,I.T
23-01-2025,TIPSMUSIC,Midcap,Media
23-01-2025,MPSLTD,Smallcap,I.T
23-01-2025,ULTRACEMCO,Largecap,Industrials
23-01-2025,COFORGE,Largecap,I.T
23-01-2025,PERSISTENT,Largecap,I.T
23-01-2025,CIGNITITEC,Smallcap,I.T
24-01-2025,CGCL,Midcap,Finance
24-01-2025,MPSLTD,Smallcap,I.T
27-01-2025,HEIDELBERG,Smallcap,Industrials
27-01-2025,BSHSL,Smallcap,FMCG
27-01-2025,BANKINDIA,Largecap,Bank
27-01-2025,SOBHA,Midcap,Realty
27-01-2025,TARMAT,Smallcap,Realty
27-01-2025,RPGLIFE,Smallcap,Pharmaceuticals
27-01-2025,EPIGRAL,Midcap,Industrials
28-01-2025,BALKRISIND,Largecap,Auto
28-01-2025,UDS,Smallcap,Miscellaneous
28-01-2025,NELCAST,Smallcap,Industrials
28-01-2025,KECL,Smallcap,FMCG
28-01-2025,SREEL,Smallcap,Services
29-01-2025,BHEL,Largecap,FMCG
29-01-2025,ESABINDIA,Midcap,FMCG
29-01-2025,DEEPAKFERT,Midcap,Industrials
29-01-2025,SYRMA,Midcap,FMCG
29-01-2025,LINDEINDIA,Largecap,Industrials
29-01-2025,SIS,Midcap,Miscellaneous
29-01-2025,KPITTECH,Largecap,I.T
29-01-2025,TVSMOTOR,Largecap,Auto
29-01-2025,SCHNEIDER,Midcap,FMCG
29-01-2025,CARTRADE,Midcap,FMCG
29-01-2025,AMIORG,Smallcap,Pharmaceuticals
29-01-2025,INOXWIND,Largecap,FMCG
30-01-2025,GABRIEL,Midcap,Auto
30-01-2025,IFBAGRO,Smallcap,FMCG
30-01-2025,ACI,Midcap,Industrials
30-01-2025,SHANTIGEAR,Smallcap,FMCG
30-01-2025,SELAN,Smallcap,Oils
30-01-2025,POWERINDIA,Largecap,FMCG
30-01-2025,OLECTRA,Midcap,Auto
30-01-2025,STAR,Midcap,Pharmaceuticals
30-01-2025,JBMA,Midcap,Auto
30-01-2025,3IINFOLTD,Smallcap,I.T
30-01-2025,CARTRADE,Midcap,FMCG
30-01-2025,UFO,Smallcap,Media
31-01-2025,TATACONSUM,Largecap,FMCG
31-01-2025,ADVANIHOTR,Smallcap,Services
31-01-2025,BLUEJET,Midcap,Pharmaceuticals
31-01-2025,GRMOVER,Smallcap,FMCG
31-01-2025,MHRIL,Midcap,Services
31-01-2025,JWL,Midcap,FMCG
31-01-2025,KALYANKJIL,Largecap,Miscellaneous
01-02-2025,GODFRYPHLP,Largecap,FMCG
01-02-2025,HFCL,Midcap,Telecom
01-02-2025,CAPTRUST,Smallcap,Finance
01-02-2025,CAMPUS,Midcap,FMCG
01-02-2025,SHAHALLOYS,Smallcap,Metals
01-02-2025,LIBERTSHOE,Smallcap,FMCG
01-02-2025,MIRZAINT,Smallcap,FMCG
01-02-2025,KSCL,Midcap,FMCG
01-02-2025,PRESTIGE,Largecap,Realty
01-02-2025,SPECIALITY,Smallcap,Services
03-02-2025,MAHSCOOTER,Midcap,Finance
03-02-2025,CAPTRUST,Smallcap,Finance
03-02-2025,SYMPHONY,Midcap,FMCG
03-02-2025,MIRZAINT,Smallcap,FMCG
03-02-2025,KAMATHOTEL,Smallcap,Services
03-02-2025,BHAGERIA,Smallcap,Industrials
03-02-2025,NEOGEN,Smallcap,Industrials
03-02-2025,ADSL,Smallcap,I.T
03-02-2025,HMVL,Smallcap,Media
04-02-2025,CASTROLIND,Largecap,Industrials
04-02-2025,NLCINDIA,Largecap,Miscellaneous
04-02-2025,BUTTERFLY,Smallcap,FMCG
04-02-2025,NGLFINE,Smallcap,Pharmaceuticals
04-02-2025,SONAMLTD,Smallcap,FMCG
04-02-2025,TECHNOE,Midcap,Realty
04-02-2025,AWHCL,Smallcap,Miscellaneous
05-02-2025,MTNL,Smallcap,Telecom
05-02-2025,ABBOTINDIA,Largecap,Pharmaceuticals
05-02-2025,NAVNETEDUL,Smallcap,Miscellaneous
05-02-2025,BLAL,Smallcap,Realty
05-02-2025,ERIS,Largecap,Pharmaceuticals
05-02-2025,NGLFINE,Smallcap,Pharmaceuticals
05-02-2025,VENUSREM,Smallcap,Pharmaceuticals
05-02-2025,JUBLPHARMA,Midcap,Pharmaceuticals
05-02-2025,SCILAL,Smallcap,Miscellaneous
05-02-2025,ECOSMOBLTY,Smallcap,Miscellaneous
05-02-2025,REPRO,Smallcap,Miscellaneous
05-02-2025,MOTILALOFS,Largecap,Services
05-02-2025,THANGAMAYL,Midcap,Miscellaneous
05-02-2025,TEGA,Midcap,Industrials
06-02-2025,HINDOILEXP,Smallcap,Oils
06-02-2025,IGPL,Smallcap,Industrials
06-02-2025,OSWALAGRO,Smallcap,Services
06-02-2025,GLAXO,Largecap,Pharmaceuticals
06-02-2025,CASTROLIND,Largecap,Industrials
06-02-2025,KEYFINSERV,Smallcap,Finance
06-02-2025,ASHIMASYN,Smallcap,Textiles
06-02-2025,DIGISPICE,Smallcap,I.T
06-02-2025,AARTIPHARM,Midcap,Pharmaceuticals
06-02-2025,WANBURY,Smallcap,Pharmaceuticals
06-02-2025,KRITI,Smallcap,FMCG
06-02-2025,DIFFNKG,Smallcap,FMCG
06-02-2025,KMSUGAR,Smallcap,FMCG
06-02-2025,GALLANTT,Midcap,Metals
06-02-2025,RPOWER,Largecap,Miscellaneous
06-02-2025,PAVNAIND,Smallcap,Auto
06-02-2025,VRLLOG,Midcap,Services
07-02-2025,CHAMBLFERT,Largecap,Industrials
07-02-2025,GODFRYPHLP,Largecap,FMCG
07-02-2025,SHAHALLOYS,Smallcap,Metals
07-02-2025,ANIKINDS,Smallcap,Services
07-02-2025,WELCORP,Midcap,Metals
07-02-2025,SALSTEEL,Smallcap,Metals
07-02-2025,ZUARI,Smallcap,Industrials
07-02-2025,GULFOILLUB,Midcap,Industrials
07-02-2025,NRL,Smallcap,Services
10-02-2025,ZENITHEXPO,Smallcap,FMCG
10-02-2025,DVL,Smallcap,Services
10-02-2025,SIGNATURE,Midcap,Realty
10-02-2025,DHUNINV,Smallcap,Finance
10-02-2025,HEXATRADEX,Smallcap,Finance
11-02-2025,TIMKEN,Largecap,Industrials
11-02-2025,SIKKO,Smallcap,Industrials
12-02-2025,SAIL,Largecap,Metals
12-02-2025,RAMANEWS,Smallcap,Miscellaneous
12-02-2025,ASHOKLEY,Largecap,Auto
12-02-2025,ZENITHEXPO,Smallcap,FMCG
12-02-2025,ICIL,Midcap,Textiles
12-02-2025,ZODIAC,Smallcap,Realty
12-02-2025,PGIL,Midcap,FMCG
12-02-2025,BEDMUTHA,Smallcap,Metals
12-02-2025,IMAGICAA,Smallcap,Media
13-02-2025,FINCABLES,Midcap,Industrials
13-02-2025,NITIRAJ,Smallcap,FMCG
13-02-2025,HONASA,Midcap,Services
13-02-2025,SANGHVIMOV,Smallcap,Miscellaneous
13-02-2025,CUPID,Smallcap,FMCG
13-02-2025,COHANCE,Largecap,Pharmaceuticals
13-02-2025,SBICARD,Largecap,Finance
13-02-2025,ENIL,Smallcap,Media
13-02-2025,MUTHOOTFIN,Largecap,Finance
13-02-2025,CHEMCON,Smallcap,Industrials
13-02-2025,TATVA,Smallcap,Industrials
14-02-2025,GODFRYPHLP,Largecap,FMCG
14-02-2025,ETHOSLTD,Midcap,FMCG
14-02-2025,TCPLPACK,Smallcap,Services
14-02-2025,NITIRAJ,Smallcap,FMCG
14-02-2025,TEXMOPIPES,Smallcap,FMCG
14-02-2025,VALIANTORG,Smallcap,Industrials
17-02-2025,GODFRYPHLP,Largecap,FMCG
17-02-2025,GLAXO,Largecap,Pharmaceuticals
17-02-2025,INDIANHUME,Smallcap,Realty
17-02-2025,SANDUMA,Midcap,Industrials
17-02-2025,PENIND,Smallcap,Metals
17-02-2025,NITIRAJ,Smallcap,FMCG
17-02-2025,MANAPPURAM,Midcap,Finance
18-02-2025,GLAXO,Largecap,Pharmaceuticals
18-02-2025,SANDUMA,Midcap,Industrials
18-02-2025,GILLETTE,Largecap,FMCG
18-02-2025,TOTAL,Smallcap,Services
18-02-2025,GOLDTECH,Smallcap,I.T
19-02-2025,LANCORHOL,Smallcap,Realty
19-02-2025,VERANDA,Smallcap,Services
19-02-2025,APOLSINHOT,Smallcap,Services
19-02-2025,THEMISMED,Smallcap,Pharmaceuticals
19-02-2025,GRSE,Largecap,Aerospace & Defence
19-02-2025,GOLDTECH,Smallcap,I.T
19-02-2025,RVNL,Largecap,Realty
19-02-2025,PRAENG,Smallcap,Realty
19-02-2025,HINDWAREAP,Smallcap,FMCG
19-02-2025,DATAPATTNS,Midcap,Aerospace & Defence
20-02-2025,ARE&M,Midcap,Auto
20-02-2025,GODREJIND,Largecap,Industrials
20-02-2025,ORIENTHOT,Smallcap,Services
20-02-2025,THOMASCOOK,Midcap,Miscellaneous
20-02-2025,DECCANCE,Smallcap,Industrials
20-02-2025,PPLPHARMA,Largecap,Pharmaceuticals
20-02-2025,VESUVIUS,Midcap,Industrials
20-02-2025,BALMLAWRIE,Smallcap,Miscellaneous
20-02-2025,LINDEINDIA,Largecap,Industrials
20-02-2025,PANAMAPET,Smallcap,Oils
20-02-2025,AFFORDABLE,Smallcap,Industrials
20-02-2025,STYLEBAAZA,Smallcap,FMCG
20-02-2025,GEPIL,Smallcap,Realty
20-02-2025,AVANTEL,Smallcap,Aerospace & Defence
20-02-2025,VOLTAMP,Midcap,FMCG
20-02-2025,WINDLAS,Smallcap,Pharmaceuticals
20-02-2025,BIGBLOC,Smallcap,Industrials
21-02-2025,DIAMINESQ,Smallcap,Industrials
21-02-2025,GODREJIND,Largecap,Industrials
21-02-2025,DECCANCE,Smallcap,Industrials
21-02-2025,MANORG,Smallcap,Industrials
21-02-2025,NRAIL,Smallcap,Industrials
21-02-2025,SUBROS,Smallcap,Auto
21-02-2025,IKIO,Smallcap,FMCG
21-02-2025,JSWINFRA,Largecap,Industrials
21-02-2025,JUNIPER,Midcap,Services
21-02-2025,HINDWAREAP,Smallcap,FMCG
21-02-2025,KDDL,Smallcap,FMCG
21-02-2025,RELIGARE,Midcap,Finance
21-02-2025,NIRAJ,Smallcap,Realty
21-02-2025,VIJAYA,Midcap,Pharmaceuticals
24-02-2025,RAMANEWS,Smallcap,Miscellaneous
24-02-2025,INDIANHUME,Smallcap,Realty
24-02-2025,IVP,Smallcap,Industrials
24-02-2025,VESUVIUS,Midcap,Industrials
24-02-2025,TOTAL,Smallcap,Services
24-02-2025,APOLLOPIPE,Smallcap,FMCG
24-02-2025,DATAPATTNS,Midcap,Aerospace & Defence
25-02-2025,JINDRILL,Smallcap,Oils
25-02-2025,BHAGYANGR,Smallcap,Miscellaneous
25-02-2025,PRAENG,Smallcap,Realty
25-02-2025,VIJAYA,Midcap,Pharmaceuticals
25-02-2025,NH,Largecap,Pharmaceuticals
27-02-2025,SHRIRAMFIN,Largecap,Finance
27-02-2025,CREDITACC,Midcap,Finance
27-02-2025,BEDMUTHA,Smallcap,Metals
28-02-2025,MEDICO,Smallcap,Pharmaceuticals
28-02-2025,HOMEFIRST,Midcap,Finance
28-02-2025,CMSINFO,Midcap,Miscellaneous
03-03-2025,ABREL,Largecap,Realty
03-03-2025,BLUESTARCO,Largecap,FMCG
03-03-2025,SMLISUZU,Smallcap,Auto
03-03-2025,TIINDIA,Largecap,Metals
03-03-2025,BROOKS,Smallcap,Pharmaceuticals
03-03-2025,COFFEEDAY,Smallcap,Quick Service Restaurant
03-03-2025,NH,Largecap,Pharmaceuticals
04-03-2025,VADILALIND,Smallcap,FMCG
04-03-2025,DCMSHRIRAM,Midcap,Miscellaneous
04-03-2025,JMA,Smallcap,Auto
04-03-2025,CONCORDBIO,Midcap,Pharmaceuticals
04-03-2025,ICEMAKE,Smallcap,FMCG
04-03-2025,JYOTICNC,Largecap,FMCG
04-03-2025,FAZE3Q,Smallcap,Textiles
04-03-2025,TDPOWERSYS,Midcap,FMCG
04-03-2025,VIJAYA,Midcap,Pharmaceuticals
04-03-2025,COFFEEDAY,Smallcap,Quick Service Restaurant
05-03-2025,BANSWRAS,Smallcap,Textiles
05-03-2025,GABRIEL,Midcap,Auto
05-03-2025,COROMANDEL,Largecap,Industrials
05-03-2025,PUNJABCHEM,Smallcap,Industrials
05-03-2025,MANINDS,Smallcap,Metals
05-03-2025,IRMENERGY,Smallcap,Industrials
05-03-2025,STANLEY,Smallcap,FMCG
05-03-2025,INDSWFTLAB,Smallcap,Pharmaceuticals
05-03-2025,COFORGE,Largecap,I.T
05-03-2025,IIFL,Midcap,Finance
05-03-2025,MSPL,Smallcap,Metals
05-03-2025,MANAKALUCO,Smallcap,Metals
05-03-2025,COFFEEDAY,Smallcap,Quick Service Restaurant
05-03-2025,BHARATWIRE,Smallcap,Metals
06-03-2025,CHENNPETRO,Midcap,Industrials
06-03-2025,RELINFRA,Midcap,Realty
06-03-2025,CASTROLIND,Largecap,Industrials
06-03-2025,MANINDS,Smallcap,Metals
06-03-2025,OMINFRAL,Smallcap,Realty
06-03-2025,FIRSTCRY,Midcap,FMCG
06-03-2025,SOMICONVEY,Smallcap,FMCG
06-03-2025,MBLINFRA,Smallcap,Realty
06-03-2025,KECL,Smallcap,FMCG
06-03-2025,KICL,Smallcap,Finance
06-03-2025,TRITURBINE,Midcap,FMCG
06-03-2025,SAPPHIRE,Midcap,Quick Service Restaurant
06-03-2025,BHARATWIRE,Smallcap,Metals
07-03-2025,NAHARSPING,Smallcap,Textiles
07-03-2025,SUDARSCHEM,Midcap,Industrials
07-03-2025,SDBL,Smallcap,FMCG
07-03-2025,CAPTRUST,Smallcap,Finance
07-03-2025,TCPLPACK,Smallcap,Services
07-03-2025,GANDHAR,Smallcap,Industrials
07-03-2025,KHADIM,Smallcap,FMCG
07-03-2025,STANLEY,Smallcap,FMCG
07-03-2025,SPARC,Midcap,Pharmaceuticals
07-03-2025,SOMICONVEY,Smallcap,FMCG
07-03-2025,TRITURBINE,Midcap,FMCG
07-03-2025,DATAPATTNS,Midcap,Aerospace & Defence
07-03-2025,INOXWIND,Largecap,FMCG
10-03-2025,SARDAEN,Midcap,Metals
10-03-2025,LANCORHOL,Smallcap,Realty
10-03-2025,BODALCHEM,Smallcap,Industrials
10-03-2025,ICEMAKE,Smallcap,FMCG
10-03-2025,GRMOVER,Smallcap,FMCG
10-03-2025,WELINV,Smallcap,Finance
11-03-2025,CHENNPETRO,Midcap,Industrials
11-03-2025,PASUPTAC,Smallcap,Textiles
11-03-2025,TATACOMM,Largecap,Telecom
11-03-2025,GRAPHITE,Midcap,FMCG
11-03-2025,TIINDIA,Largecap,Metals
11-03-2025,INDGN,Midcap,Pharmaceuticals
11-03-2025,KOLTEPATIL,Smallcap,Realty
12-03-2025,BALRAMCHIN,Midcap,FMCG
12-03-2025,JCHAC,Smallcap,FMCG
12-03-2025,CARYSIL,Smallcap,FMCG
12-03-2025,REDTAPE,Midcap,FMCG
12-03-2025,NACLIND,Smallcap,Industrials
12-03-2025,INDOSTAR,Smallcap,Finance
12-03-2025,ITDC,Midcap,Services
12-03-2025,KEC,Largecap,Realty
13-03-2025,MTNL,Smallcap,Telecom
13-03-2025,MRPL,Largecap,Industrials
13-03-2025,GANDHITUBE,Smallcap,Metals
13-03-2025,NACLIND,Smallcap,Industrials
13-03-2025,HITECHCORP,Smallcap,Services
17-03-2025,ELGIEQUIP,Midcap,FMCG
17-03-2025,HESTERBIO,Smallcap,Pharmaceuticals
17-03-2025,NACLIND,Smallcap,Industrials
17-03-2025,INDIASHLTR,Midcap,Finance
17-03-2025,KEC,Largecap,Realty
17-03-2025,ASAHISONG,Smallcap,Industrials
17-03-2025,NIRAJ,Smallcap,Realty
17-03-2025,NRL,Smallcap,Services
18-03-2025,ORISSAMINE,Smallcap,Industrials
18-03-2025,LGBBROSLTD,Smallcap,Auto
18-03-2025,MOREPENLAB,Smallcap,Pharmaceuticals
18-03-2025,RAYMOND,Smallcap,Miscellaneous
18-03-2025,TALBROAUTO,Smallcap,Auto
18-03-2025,GABRIEL,Midcap,Auto
18-03-2025,WELSPUNLIV,Midcap,Textiles
18-03-2025,MINDTECK,Smallcap,I.T
18-03-2025,SULA,Smallcap,FMCG
18-03-2025,RATNAMANI,Largecap,Metals
18-03-2025,TRANSWORLD,Smallcap,Services
18-03-2025,PLASTIBLEN,Smallcap,Industrials
18-03-2025,MASTEK,Midcap,I.T
18-03-2025,KOPRAN,Smallcap,Pharmaceuticals
18-03-2025,MAGADSUGAR,Smallcap,FMCG
18-03-2025,SHILPAMED,Midcap,Pharmaceuticals
18-03-2025,OLAELEC,Largecap,Auto
18-03-2025,RAYMONDLSL,Midcap,Textiles
18-03-2025,NSIL,Smallcap,Finance
18-03-2025,TVSELECT,Smallcap,I.T
18-03-2025,UTTAMSUGAR,Smallcap,FMCG
18-03-2025,KIRLOSENG,Midcap,FMCG
18-03-2025,HPAL,Smallcap,Industrials
19-03-2025,BALRAMCHIN,Midcap,FMCG
19-03-2025,SAKSOFT,Smallcap,I.T
19-03-2025,BIRLACABLE,Smallcap,Industrials
19-03-2025,SWARAJENG,Smallcap,FMCG
19-03-2025,TOKYOPLAST,Smallcap,FMCG
19-03-2025,DOLATALGO,Smallcap,Finance
19-03-2025,ALEMBICLTD,Smallcap,Realty
19-03-2025,HARIOMPIPE,Smallcap,Metals
19-03-2025,VENUSPIPES,Smallcap,Metals
19-03-2025,HBLENGINE,Midcap,Auto
19-03-2025,FUSION,Smallcap,Finance
19-03-2025,VADILALIND,Smallcap,FMCG
19-03-2025,TRIDENT,Midcap,Textiles
19-03-2025,HLEGLAS,Smallcap,FMCG
19-03-2025,IDEAFORGE,Smallcap,Aerospace & Defence
19-03-2025,COCHINSHIP,Largecap,Aerospace & Defence
19-03-2025,PREMEXPLN,Smallcap,Industrials
19-03-2025,PLAZACABLE,Smallcap,Industrials
19-03-2025,IRMENERGY,Smallcap,Industrials
19-03-2025,MAXESTATES,Midcap,Realty
19-03-2025,BDL,Largecap,Aerospace & Defence
19-03-2025,MIDHANI,Midcap,Aerospace & Defence
19-03-2025,GRSE,Largecap,Aerospace & Defence
19-03-2025,TECHNOE,Midcap,Realty
19-03-2025,MEDICAMEQ,Smallcap,Pharmaceuticals
19-03-2025,AAATECH,Smallcap,I.T
19-03-2025,NSIL,Smallcap,Finance
19-03-2025,MAHLIFE,Midcap,Realty
19-03-2025,UTTAMSUGAR,Smallcap,FMCG
19-03-2025,NELCAST,Smallcap,Industrials
19-03-2025,SUMMITSEC,Smallcap,Finance
19-03-2025,BROOKS,Smallcap,Pharmaceuticals
19-03-2025,GRINFRA,Midcap,Realty
19-03-2025,SHEMAROO,Smallcap,Media
19-03-2025,MANAKSTEEL,Smallcap,Metals
19-03-2025,GOKULAGRO,Smallcap,FMCG
20-03-2025,INDIANHUME,Smallcap,Realty
20-03-2025,AUTOAXLES,Smallcap,Auto
20-03-2025,SMLISUZU,Smallcap,Auto
20-03-2025,OCCL,Smallcap,Finance
20-03-2025,MASTERTR,Smallcap,Finance
20-03-2025,KOKUYOCMLN,Smallcap,Miscellaneous
20-03-2025,SCI,Midcap,Services
20-03-2025,VSTL,Smallcap,Metals
20-03-2025,MMP,Smallcap,Metals
20-03-2025,SCILAL,Smallcap,Miscellaneous
20-03-2025,SIRCA,Smallcap,Services
20-03-2025,FINEORG,Midcap,Industrials
20-03-2025,GRSE,Largecap,Aerospace & Defence
20-03-2025,EMCURE,Largecap,Pharmaceuticals
20-03-2025,KSOLVES,Smallcap,I.T
20-03-2025,WELCORP,Midcap,Metals
20-03-2025,LIKHITHA,Smallcap,Realty
20-03-2025,KEC,Largecap,Realty
20-03-2025,ALKALI,Smallcap,Industrials
20-03-2025,ISFT,Smallcap,I.T
20-03-2025,SUMMITSEC,Smallcap,Finance
20-03-2025,GPTINFRA,Smallcap,Realty
20-03-2025,RHIM,Midcap,Industrials
20-03-2025,SPECIALITY,Smallcap,Services
21-03-2025,HCC,Midcap,Realty
21-03-2025,SMLISUZU,Smallcap,Auto
21-03-2025,KOTHARIPET,Smallcap,Oils
21-03-2025,PRICOLLTD,Midcap,Auto
21-03-2025,IKIO,Smallcap,FMCG
21-03-2025,MENONBE,Smallcap,Auto
21-03-2025,KOPRAN,Smallcap,Pharmaceuticals
21-03-2025,TEJASNET,Midcap,Telecom
21-03-2025,SIS,Midcap,Miscellaneous
21-03-2025,MAGADSUGAR,Smallcap,FMCG
21-03-2025,CELLO,Midcap,Services
21-03-2025,SCPL,Smallcap,FMCG
21-03-2025,MUTHOOTMF,Smallcap,Finance
21-03-2025,SURAJEST,Smallcap,Realty
21-03-2025,NIACL,Largecap,Services
21-03-2025,SUNDARMHLD,Midcap,Finance
21-03-2025,BALUFORGE,Midcap,Industrials
21-03-2025,ARMANFIN,Smallcap,Finance
21-03-2025,MANAPPURAM,Midcap,Finance
21-03-2025,BFUTILITIE,Smallcap,Miscellaneous
21-03-2025,PONNIERODE,Smallcap,FMCG
21-03-2025,NETWORK18,Midcap,Media
21-03-2025,REDINGTON,Largecap,Services
21-03-2025,TARIL,Midcap,FMCG
21-03-2025,DBREALTY,Midcap,Realty
21-03-2025,APLLTD,Midcap,Pharmaceuticals
21-03-2025,IWEL,Midcap,Miscellaneous
21-03-2025,NUVOCO,Midcap,Industrials
21-03-2025,SUPRIYA,Midcap,Pharmaceuticals
21-03-2025,PILANIINVS,Midcap,Finance
24-03-2025,LAMBODHARA,Smallcap,Textiles
24-03-2025,FINCABLES,Midcap,Industrials
24-03-2025,SWANENERGY,Midcap,Miscellaneous
24-03-2025,NELCO,Smallcap,Telecom
24-03-2025,SANGAMIND,Smallcap,Textiles
24-03-2025,SALZERELEC,Smallcap,FMCG
24-03-2025,ANIKINDS,Smallcap,Services
24-03-2025,WEIZMANIND,Smallcap,Textiles
24-03-2025,GSLSU,Smallcap,FMCG
24-03-2025,WANBURY,Smallcap,Pharmaceuticals
24-03-2025,RISHABH,Smallcap,FMCG
24-03-2025,IREDA,Largecap,Finance
24-03-2025,5PAISA,Smallcap,Services
24-03-2025,GUJALKALI,Smallcap,Industrials
24-03-2025,IIFLCAPS,Midcap,Services
24-03-2025,INDNIPPON,Smallcap,Auto
24-03-2025,JBMA,Midcap,Auto
24-03-2025,ARIES,Smallcap,Industrials
24-03-2025,LOTUSEYE,Smallcap,Pharmaceuticals
24-03-2025,RAILTEL,Midcap,Telecom
24-03-2025,SHARDAMOTR,Midcap,Auto
24-03-2025,IPL,Smallcap,Industrials
24-03-2025,MONTECARLO,Smallcap,Textiles
25-03-2025,GRAPHITE,Midcap,FMCG
25-03-2025,GOACARBON,Smallcap,Oils
25-03-2025,HEG,Midcap,FMCG
25-03-2025,VINYLINDIA,Smallcap,Services
25-03-2025,BLUEDART,Midcap,Services
25-03-2025,KAPSTON,Smallcap,Miscellaneous
25-03-2025,RAMCOSYS,Smallcap,I.T
25-03-2025,KERNEX,Smallcap,FMCG
25-03-2025,TEXMOPIPES,Smallcap,FMCG
26-03-2025,RELINFRA,Midcap,Realty
26-03-2025,TOKYOPLAST,Smallcap,FMCG
26-03-2025,SIEMENS,Largecap,FMCG
26-03-2025,MODIRUBBER,Smallcap,Miscellaneous
26-03-2025,MOLDTECH,Smallcap,Realty
26-03-2025,CREATIVE,Smallcap,I.T
26-03-2025,TFCILTD,Smallcap,Finance
26-03-2025,CGCL,Midcap,Finance
26-03-2025,RPOWER,Largecap,Miscellaneous
27-03-2025,BEML,Midcap,Aerospace & Defence
27-03-2025,ELECTCAST,Midcap,Industrials
27-03-2025,MAHSCOOTER,Midcap,Finance
27-03-2025,AKZOINDIA,Midcap,Industrials
27-03-2025,FUSION,Smallcap,Finance
27-03-2025,AARTIDRUGS,Smallcap,Pharmaceuticals
27-03-2025,NEULANDLAB,Midcap,Pharmaceuticals
27-03-2025,MAXESTATES,Midcap,Realty
27-03-2025,CREATIVE,Smallcap,I.T
27-03-2025,KRONOX,Smallcap,Industrials
27-03-2025,TREJHARA,Smallcap,I.T
27-03-2025,BFUTILITIE,Smallcap,Miscellaneous
27-03-2025,AURIONPRO,Midcap,I.T
27-03-2025,OMAXE,Smallcap,Realty
27-03-2025,EDELWEISS,Midcap,Finance
27-03-2025,AHLEAST,Smallcap,Services
27-03-2025,GPPL,Midcap,Industrials
27-03-2025,GPTINFRA,Smallcap,Realty
27-03-2025,RHIM,Midcap,Industrials
27-03-2025,SHRIRAMPPS,Smallcap,Realty
27-03-2025,SPAL,Smallcap,Textiles
28-03-2025,PUNJABCHEM,Smallcap,Industrials
28-03-2025,VERANDA,Smallcap,Services
28-03-2025,BSE,Largecap,Financial Services
28-03-2025,SMLT,Smallcap,Metals
28-03-2025,INNOVANA,Smallcap,I.T
28-03-2025,UDAICEMENT,Smallcap,Industrials
28-03-2025,ASTERDM,Largecap,Pharmaceuticals
28-03-2025,GPTHEALTH,Smallcap,Pharmaceuticals
28-03-2025,GALLANTT,Midcap,Metals
28-03-2025,MBLINFRA,Smallcap,Realty
28-03-2025,DRCSYSTEMS,Smallcap,I.T
28-03-2025,POWERMECH,Midcap,Realty
01-04-2025,BIRLACABLE,Smallcap,Industrials
01-04-2025,MAHSEAMLES,Midcap,Metals
01-04-2025,SAURASHCEM,Smallcap,Industrials
01-04-2025,HBLENGINE,Midcap,Auto
01-04-2025,VADILALIND,Smallcap,FMCG
01-04-2025,HLEGLAS,Smallcap,FMCG
01-04-2025,DCMSRIND,Smallcap,FMCG
01-04-2025,MAWANASUG,Smallcap,FMCG
01-04-2025,HESTERBIO,Smallcap,Pharmaceuticals
01-04-2025,ATULAUTO,Smallcap,Auto
01-04-2025,GALLANTT,Midcap,Metals
01-04-2025,PARAGMILK,Smallcap,FMCG
02-04-2025,GANESHBE,Smallcap,Miscellaneous
02-04-2025,OSWALAGRO,Smallcap,Services
02-04-2025,TATACONSUM,Largecap,FMCG
02-04-2025,KEYFINSERV,Smallcap,Finance
02-04-2025,VADILALIND,Smallcap,FMCG
02-04-2025,RADIANTCMS,Smallcap,Miscellaneous
02-04-2025,HESTERBIO,Smallcap,Pharmaceuticals
02-04-2025,GUJALKALI,Smallcap,Industrials
02-04-2025,STYLEBAAZA,Smallcap,FMCG
02-04-2025,PNBGILTS,Smallcap,Finance
02-04-2025,KPRMILL,Largecap,FMCG
02-04-2025,DBREALTY,Midcap,Realty
02-04-2025,BROOKS,Smallcap,Pharmaceuticals
02-04-2025,GPTINFRA,Smallcap,Realty
02-04-2025,VMART,Midcap,FMCG
02-04-2025,MANAKALUCO,Smallcap,Metals
02-04-2025,VALIANTORG,Smallcap,Industrials
03-04-2025,OAL,Smallcap,Industrials
03-04-2025,NAHARSPING,Smallcap,Textiles
03-04-2025,RSWM,Smallcap,Textiles
03-04-2025,TIRUMALCHM,Smallcap,Industrials
03-04-2025,VTL,Midcap,Textiles
03-04-2025,PRECOT,Smallcap,Textiles
03-04-2025,ALEMBICLTD,Smallcap,Realty
03-04-2025,ANUHPHR,Smallcap,Pharmaceuticals
03-04-2025,DONEAR,Smallcap,Textiles
03-04-2025,NAHARINDUS,Smallcap,Textiles
03-04-2025,TRIDENT,Midcap,Textiles
03-04-2025,NAHARPOLY,Smallcap,Services
03-04-2025,PYRAMID,Smallcap,Services
03-04-2025,TEJASNET,Midcap,Telecom
03-04-2025,BALPHARMA,Smallcap,Pharmaceuticals
03-04-2025,FAZE3Q,Smallcap,Textiles
03-04-2025,GPTHEALTH,Smallcap,Pharmaceuticals
03-04-2025,STYLEBAAZA,Smallcap,FMCG
03-04-2025,DCMNVL,Smallcap,Textiles
03-04-2025,CSBBANK,Midcap,Bank
03-04-2025,NSIL,Smallcap,Finance
03-04-2025,GOKEX,Midcap,FMCG
03-04-2025,SPLIL,Smallcap,Services
03-04-2025,RBA,Smallcap,Quick Service Restaurant
03-04-2025,IDFCFIRSTB,Largecap,Bank
03-04-2025,PARAGMILK,Smallcap,FMCG
04-04-2025,AAREYDRUGS,Smallcap,Pharmaceuticals
04-04-2025,BALPHARMA,Smallcap,Pharmaceuticals
04-04-2025,VIPCLOTHNG,Smallcap,Textiles
04-04-2025,KSCL,Midcap,FMCG
07-04-2025,CHEMFAB,Smallcap,Industrials
08-04-2025,WHEELS,Smallcap,Auto
08-04-2025,CHOLAHLDNG,Largecap,Finance
08-04-2025,FIVESTAR,Largecap,Finance
08-04-2025,SCHAND,Smallcap,Miscellaneous
08-04-2025,SMLT,Smallcap,Metals
08-04-2025,ONEPOINT,Smallcap,I.T
08-04-2025,FAZE3Q,Smallcap,Textiles
08-04-2025,PRITI,Smallcap,FMCG
08-04-2025,DEEPINDS,Smallcap,Oils
09-04-2025,STARTECK,Smallcap,Finance
09-04-2025,MASTEK,Midcap,I.T
09-04-2025,ONEPOINT,Smallcap,I.T
09-04-2025,FAZE3Q,Smallcap,Textiles
09-04-2025,IRISDOREME,Smallcap,FMCG
09-04-2025,JYOTHYLAB,Midcap,FMCG
09-04-2025,ROSSELLIND,Smallcap,FMCG
11-04-2025,ATUL,Largecap,Industrials
11-04-2025,SARDAEN,Midcap,Metals
11-04-2025,UMAEXPORTS,Smallcap,Services
11-04-2025,STEELCAS,Smallcap,Industrials
11-04-2025,PVP,Smallcap,Realty
11-04-2025,INOXGREEN,Midcap,Miscellaneous
11-04-2025,TVSHLTD,Largecap,Finance
11-04-2025,RACLGEAR,Smallcap,Auto
11-04-2025,PIIND,Largecap,Industrials
11-04-2025,HIKAL,Smallcap,Pharmaceuticals
11-04-2025,GOLDIAM,Smallcap,Miscellaneous
11-04-2025,TREJHARA,Smallcap,I.T
11-04-2025,ALMONDZ,Smallcap,Services
11-04-2025,NORTHARC,Smallcap,Finance
11-04-2025,BLKASHYAP,Smallcap,Realty
11-04-2025,EDELWEISS,Midcap,Finance
11-04-2025,RANEENGINE,Smallcap,Auto
11-04-2025,GRAVITA,Midcap,Metals
11-04-2025,SHARDACROP,Midcap,Industrials
15-04-2025,MOTHERSON,Largecap,Auto
15-04-2025,INOXGREEN,Midcap,Miscellaneous
15-04-2025,AVADHSUGAR,Smallcap,FMCG
15-04-2025,GOLDIAM,Smallcap,Miscellaneous
15-04-2025,KOTHARIPRO,Smallcap,Services
15-04-2025,SRM,Smallcap,Realty
15-04-2025,CUPID,Smallcap,FMCG
15-04-2025,TREJHARA,Smallcap,I.T
15-04-2025,DJML,Smallcap,Services
15-04-2025,SAILIFE,Midcap,Pharmaceuticals
15-04-2025,POCL,Smallcap,Metals
15-04-2025,AUTOIND,Smallcap,Auto
15-04-2025,AHLUCONT,Midcap,Realty
15-04-2025,DHANI,Smallcap,Finance
15-04-2025,FINOPB,Smallcap,Bank
15-04-2025,INTELLECT,Midcap,I.T
15-04-2025,SHK,Smallcap,Industrials
16-04-2025,DIAMINESQ,Smallcap,Industrials
16-04-2025,ORIENTPPR,Smallcap,Industrials
16-04-2025,RANEHOLDIN,Smallcap,Finance
16-04-2025,SOMATEX,Smallcap,Services
16-04-2025,DREDGECORP,Smallcap,Miscellaneous
16-04-2025,RAMAPHO,Smallcap,Industrials
16-04-2025,INDOAMIN,Smallcap,Industrials
16-04-2025,SAMHI,Smallcap,Services
16-04-2025,IREDA,Largecap,Finance
16-04-2025,DOMS,Midcap,Miscellaneous
16-04-2025,SARLAPOLY,Smallcap,Textiles
16-04-2025,THEINVEST,Smallcap,Finance
16-04-2025,OPTIEMUS,Midcap,Services
16-04-2025,HINDCON,Smallcap,Industrials
16-04-2025,CUPID,Smallcap,FMCG
16-04-2025,MARINE,Smallcap,FMCG
16-04-2025,GALAPREC,Smallcap,Industrials
16-04-2025,DJML,Smallcap,Services
16-04-2025,SECMARK,Smallcap,I.T
16-04-2025,ENGINERSIN,Midcap,Realty
16-04-2025,SANATHAN,Smallcap,Textiles
16-04-2025,JBMA,Midcap,Auto
16-04-2025,RML,Smallcap,Auto
16-04-2025,JAGRAN,Smallcap,Media
16-04-2025,NAHARCAP,Smallcap,Finance
16-04-2025,RBL,Smallcap,Auto
16-04-2025,RANEENGINE,Smallcap,Auto
16-04-2025,EMMBI,Smallcap,Services
16-04-2025,MAXIND,Smallcap,Finance
17-04-2025,FACT,Largecap,Industrials
17-04-2025,OSWALAGRO,Smallcap,Services
17-04-2025,GMMPFAUDLR,Midcap,FMCG
17-04-2025,ASHIMASYN,Smallcap,Textiles
17-04-2025,ROTO,Smallcap,FMCG
17-04-2025,FUSION,Smallcap,Finance
17-04-2025,KFINTECH,Midcap,Financial Services
17-04-2025,SOMATEX,Smallcap,Services
17-04-2025,SMSLIFE,Smallcap,Pharmaceuticals
17-04-2025,MUFTI,Smallcap,FMCG
17-04-2025,ICEMAKE,Smallcap,FMCG
17-04-2025,LAGNAM,Smallcap,Textiles
17-04-2025,NUCLEUS,Smallcap,I.T
17-04-2025,EMCURE,Largecap,Pharmaceuticals
17-04-2025,UJJIVANSFB,Midcap,Bank
17-04-2025,SECMARK,Smallcap,I.T
17-04-2025,JINDALPHOT,Smallcap,Finance
17-04-2025,ESSARSHPNG,Smallcap,Services
17-04-2025,RBA,Smallcap,Quick Service Restaurant
17-04-2025,SIGACHI,Smallcap,Pharmaceuticals
17-04-2025,OSWALGREEN,Smallcap,Finance
21-04-2025,ORISSAMINE,Smallcap,Industrials
21-04-2025,TATAELXSI,Largecap,I.T
21-04-2025,HINDMOTORS,Smallcap,Auto
21-04-2025,ZUARIIND,Smallcap,FMCG
21-04-2025,NIPPOBATRY,Smallcap,Miscellaneous
21-04-2025,VLSFINANCE,Smallcap,Finance
21-04-2025,VERANDA,Smallcap,Services
21-04-2025,MHLXMIRU,Smallcap,Textiles
21-04-2025,DCXINDIA,Smallcap,Aerospace & Defence
21-04-2025,INDOBORAX,Smallcap,Industrials
21-04-2025,SMSLIFE,Smallcap,Pharmaceuticals
21-04-2025,MCL,Smallcap,Industrials
21-04-2025,LIBERTSHOE,Smallcap,FMCG
21-04-2025,MUTHOOTMF,Smallcap,Finance
21-04-2025,NAM-INDIA,Largecap,Finance
21-04-2025,CSLFINANCE,Smallcap,Finance
21-04-2025,BSHSL,Smallcap,FMCG
21-04-2025,HDFCAMC,Largecap,Finance
21-04-2025,XELPMOC,Smallcap,I.T
21-04-2025,SPANDANA,Smallcap,Finance
21-04-2025,ACLGATI,Smallcap,FMCG
21-04-2025,SUZLON,Largecap,FMCG
21-04-2025,ALLCARGO,Smallcap,Services
21-04-2025,TEXMOPIPES,Smallcap,FMCG
21-04-2025,ESSARSHPNG,Smallcap,Services
21-04-2025,JUSTDIAL,Midcap,I.T
21-04-2025,SNOWMAN,Smallcap,Services
21-04-2025,GNA,Smallcap,Auto
22-04-2025,BANCOINDIA,Midcap,Auto
22-04-2025,MAITHANALL,Smallcap,Metals
22-04-2025,FOSECOIND,Smallcap,Industrials
22-04-2025,AMJLAND,Smallcap,Realty
22-04-2025,PRAKASH,Smallcap,Metals
22-04-2025,TI,Midcap,FMCG
22-04-2025,SDBL,Smallcap,FMCG
22-04-2025,INDIANCARD,Smallcap,Textiles
22-04-2025,ASAHIINDIA,Midcap,Industrials
22-04-2025,EMIL,Smallcap,FMCG
22-04-2025,RAJRATAN,Smallcap,Metals
22-04-2025,APCL,Smallcap,Industrials
22-04-2025,KALAMANDIR,Smallcap,FMCG
22-04-2025,MCL,Smallcap,Industrials
22-04-2025,E2E,Midcap,I.T
22-04-2025,SGIL,Smallcap,Industrials
22-04-2025,XELPMOC,Smallcap,I.T
22-04-2025,ATAM,Smallcap,Industrials
22-04-2025,J&KBANK,Midcap,Bank
22-04-2025,DELTACORP,Smallcap,Miscellaneous
22-04-2025,INDOWIND,Smallcap,Miscellaneous
22-04-2025,MANAKSIA,Smallcap,Services
22-04-2025,TBZ,Smallcap,Miscellaneous
22-04-2025,MANAKSTEEL,Smallcap,Metals
22-04-2025,LLOYDSENGG,Midcap,FMCG
23-04-2025,NIITLTD,Smallcap,I.T
23-04-2025,MODIRUBBER,Smallcap,Miscellaneous
23-04-2025,KIRLPNU,Midcap,FMCG
23-04-2025,TRF,Smallcap,FMCG
23-04-2025,JYOTISTRUC,Smallcap,FMCG
23-04-2025,MINDTECK,Smallcap,I.T
23-04-2025,RAJRATAN,Smallcap,Metals
23-04-2025,DCXINDIA,Smallcap,Aerospace & Defence
23-04-2025,RAMAPHO,Smallcap,Industrials
23-04-2025,AUBANK,Largecap,Bank
23-04-2025,SARLAPOLY,Smallcap,Textiles
23-04-2025,FAZE3Q,Smallcap,Textiles
23-04-2025,CHOICEIN,Midcap,Finance
23-04-2025,DGCONTENT,Smallcap,Media
23-04-2025,WAAREEENER,Largecap,FMCG
23-04-2025,NIVABUPA,Midcap,Services
23-04-2025,BLACKBUCK,Midcap,Services
23-04-2025,HCLTECH,Largecap,I.T
23-04-2025,APTECHT,Smallcap,I.T
23-04-2025,TVSELECT,Smallcap,I.T
23-04-2025,SMSPHARMA,Smallcap,Pharmaceuticals
23-04-2025,SELMC,Smallcap,Textiles
23-04-2025,VSSL,Smallcap,Metals
23-04-2025,LATENTVIEW,Midcap,I.T
23-04-2025,MANAKSTEEL,Smallcap,Metals
24-04-2025,BAJAJHIND,Smallcap,FMCG
24-04-2025,BANARISUG,Midcap,FMCG
24-04-2025,WHIRLPOOL,Midcap,FMCG
24-04-2025,MOREPENLAB,Smallcap,Pharmaceuticals
24-04-2025,THERMAX,Largecap,FMCG
24-04-2025,MODIRUBBER,Smallcap,Miscellaneous
24-04-2025,SAURASHCEM,Smallcap,Industrials
24-04-2025,BHARATGEAR,Smallcap,Auto
24-04-2025,KHAICHEM,Smallcap,Industrials
24-04-2025,GUFICBIO,Smallcap,Pharmaceuticals
24-04-2025,INDBANK,Smallcap,Services
24-04-2025,STCINDIA,Smallcap,Services
24-04-2025,MMTC,Midcap,Services
24-04-2025,ELDEHSG,Smallcap,Realty
24-04-2025,KIOCL,Midcap,Industrials
24-04-2025,SAMHI,Smallcap,Services
24-04-2025,NATCOPHARM,Midcap,Pharmaceuticals
24-04-2025,MANGCHEFER,Smallcap,Industrials
24-04-2025,BCONCEPTS,Smallcap,FMCG
24-04-2025,NEWGEN,Midcap,I.T
24-04-2025,PARKHOTELS,Smallcap,Services
24-04-2025,MUFIN,Smallcap,Finance
24-04-2025,BHAGCHEM,Smallcap,Industrials
24-04-2025,SONATSOFTW,Midcap,I.T
24-04-2025,APTECHT,Smallcap,I.T
24-04-2025,VSSL,Smallcap,Metals
24-04-2025,THYROCARE,Midcap,Pharmaceuticals
25-04-2025,BUTTERFLY,Smallcap,FMCG
25-04-2025,SBILIFE,Largecap,Services
25-04-2025,LOTUSEYE,Smallcap,Pharmaceuticals
28-04-2025,RELIANCE,Largecap,Industrials
28-04-2025,JAYNECOIND,Smallcap,Metals
28-04-2025,PREMEXPLN,Smallcap,Industrials
28-04-2025,SOUTHWEST,Smallcap,Industrials
28-04-2025,BDL,Largecap,Aerospace & Defence
28-04-2025,MIDHANI,Midcap,Aerospace & Defence
28-04-2025,MANORAMA,Midcap,FMCG
28-04-2025,PFOCUS,Smallcap,Media
28-04-2025,DCBBANK,Smallcap,Bank
28-04-2025,BARBEQUE,Smallcap,Quick Service Restaurant
28-04-2025,PARAS,Midcap,Aerospace & Defence
28-04-2025,AGIIL,Smallcap,Realty
29-04-2025,WHIRLPOOL,Midcap,FMCG
29-04-2025,ORBTEXP,Smallcap,Textiles
29-04-2025,ASPINWALL,Smallcap,Services
29-04-2025,KILITCH,Smallcap,Pharmaceuticals
29-04-2025,COCHINSHIP,Largecap,Aerospace & Defence
29-04-2025,SARLAPOLY,Smallcap,Textiles
29-04-2025,GRSE,Largecap,Aerospace & Defence
29-04-2025,TBOTEK,Midcap,I.T
29-04-2025,KAMDHENU,Smallcap,Metals
29-04-2025,SONACOMS,Largecap,Auto
29-04-2025,PARAS,Midcap,Aerospace & Defence
29-04-2025,MANAKALUCO,Smallcap,Metals
30-04-2025,CEATLTD,Midcap,Auto
30-04-2025,GREAVESCOT,Smallcap,FMCG
30-04-2025,SCHAEFFLER,Largecap,Industrials
30-04-2025,ABINFRA,Smallcap,Realty
30-04-2025,VMM,Largecap,FMCG
30-04-2025,SONATSOFTW,Midcap,I.T
30-04-2025,GLOBALVECT,Smallcap,Services
30-04-2025,GOCOLORS,Smallcap,Textiles
02-05-2025,FORCEMOT,Midcap,Auto
02-05-2025,BIRLANU,Smallcap,Industrials
02-05-2025,ZODIACLOTH,Smallcap,FMCG
02-05-2025,TIMKEN,Largecap,Industrials
02-05-2025,JMA,Smallcap,Auto
02-05-2025,KRYSTAL,Smallcap,Miscellaneous
02-05-2025,IRISDOREME,Smallcap,FMCG
02-05-2025,MOIL,Midcap,Industrials
02-05-2025,RAILTEL,Midcap,Telecom
02-05-2025,NUVOCO,Midcap,Industrials
02-05-2025,SPORTKING,Smallcap,Textiles
05-05-2025,HINDPETRO,Largecap,Industrials
05-05-2025,KSL,Smallcap,Metals
05-05-2025,GESHIP,Midcap,Services
05-05-2025,HIRECT,Smallcap,FMCG
05-05-2025,UNIVCABLES,Smallcap,Industrials
05-05-2025,MASTERTR,Smallcap,Finance
05-05-2025,SEQUENT,Smallcap,Pharmaceuticals
05-05-2025,ASHIMASYN,Smallcap,Textiles
05-05-2025,GHCLTEXTIL,Smallcap,Textiles
05-05-2025,NETWEB,Midcap,I.T
05-05-2025,NDGL,Smallcap,Finance
05-05-2025,RRKABEL,Midcap,Industrials
05-05-2025,AZAD,Midcap,Aerospace & Defence
05-05-2025,APOLLO,Smallcap,Aerospace & Defence
05-05-2025,ATGL,Largecap,Industrials
05-05-2025,SWIGGY,Largecap,I.T
05-05-2025,ADANIPORTS,Largecap,Industrials
05-05-2025,ADANIPOWER,Largecap,Miscellaneous
05-05-2025,DLINKINDIA,Smallcap,Services
05-05-2025,PARAGMILK,Smallcap,FMCG
06-05-2025,CCL,Midcap,FMCG
06-05-2025,POLYMED,Largecap,Pharmaceuticals
06-05-2025,TATVA,Smallcap,Industrials
06-05-2025,GREENLAM,Midcap,Plywood Boards/Laminates
07-05-2025,PEL,Largecap,Finance
07-05-2025,TNPETRO,Smallcap,Oils
07-05-2025,HIMATSEIDE,Smallcap,Textiles
07-05-2025,WELSPUNLIV,Midcap,Textiles
07-05-2025,SYRMA,Midcap,FMCG
07-05-2025,AARTIDRUGS,Smallcap,Pharmaceuticals
07-05-2025,GOKEX,Midcap,FMCG
07-05-2025,KPRMILL,Largecap,FMCG
07-05-2025,PAYTM,Largecap,I.T
07-05-2025,PDSL,Midcap,Services
07-05-2025,VINCOFE,Smallcap,FMCG
07-05-2025,SPAL,Smallcap,Textiles
07-05-2025,ENDURANCE,Largecap,Auto
08-05-2025,GINNIFILA,Smallcap,Textiles
08-05-2025,NAHARSPING,Smallcap,Textiles
08-05-2025,GRINDWELL,Midcap,FMCG
08-05-2025,MHLXMIRU,Smallcap,Textiles
08-05-2025,SYMPHONY,Midcap,FMCG
08-05-2025,NAHARINDUS,Smallcap,Textiles
08-05-2025,SHRIPISTON,Midcap,Auto
08-05-2025,SHANKARA,Smallcap,FMCG
08-05-2025,KRISHANA,Smallcap,Industrials
08-05-2025,PRIVISCL,Midcap,Industrials
08-05-2025,NRBBEARING,Smallcap,Industrials
08-05-2025,NIVABUPA,Midcap,Services
08-05-2025,ASAHISONG,Smallcap,Industrials
08-05-2025,KPRMILL,Largecap,FMCG
08-05-2025,PAVNAIND,Smallcap,Auto
09-05-2025,BUTTERFLY,Smallcap,FMCG
09-05-2025,MAYURUNIQ,Smallcap,FMCG
09-05-2025,IDEAFORGE,Smallcap,Aerospace & Defence
09-05-2025,PREMEXPLN,Smallcap,Industrials
09-05-2025,APOLLO,Smallcap,Aerospace & Defence
09-05-2025,BDL,Largecap,Aerospace & Defence
09-05-2025,PLATIND,Smallcap,Industrials
09-05-2025,BORORENEW,Midcap,Industrials
09-05-2025,NDRAUTO,Smallcap,Auto
09-05-2025,CERA,Midcap,Industrials
09-05-2025,UNIONBANK,Largecap,Bank
09-05-2025,ASTRAMICRO,Midcap,Aerospace & Defence
09-05-2025,YESBANK,Largecap,Bank
09-05-2025,KPRMILL,Largecap,FMCG
09-05-2025,SJS,Smallcap,FMCG
09-05-2025,COMSYN,Smallcap,Services
12-05-2025,BAJAJELEC,Midcap,FMCG
12-05-2025,SAKSOFT,Smallcap,I.T
12-05-2025,IFCI,Midcap,Finance
12-05-2025,EPL,Midcap,Services
12-05-2025,HFCL,Midcap,Telecom
12-05-2025,INDIAGLYCO,Midcap,FMCG
12-05-2025,CENTRUM,Smallcap,Finance
12-05-2025,MANINDS,Smallcap,Metals
12-05-2025,MHLXMIRU,Smallcap,Textiles
12-05-2025,SYRMA,Midcap,FMCG
12-05-2025,PKTEA,Smallcap,FMCG
12-05-2025,IFGLEXPOR,Smallcap,Industrials
12-05-2025,DYCL,Smallcap,Industrials
12-05-2025,ZODIAC,Smallcap,Realty
12-05-2025,SOMANYCERA,Smallcap,Industrials
12-05-2025,NDRAUTO,Smallcap,Auto
12-05-2025,CERA,Midcap,Industrials
12-05-2025,M&MFIN,Largecap,Finance
12-05-2025,INSPIRISYS,Smallcap,I.T
12-05-2025,HILTON,Smallcap,Industrials
12-05-2025,INDOWIND,Smallcap,Miscellaneous
12-05-2025,RPOWER,Largecap,Miscellaneous
12-05-2025,KRITINUT,Smallcap,FMCG
12-05-2025,MAPMYINDIA,Midcap,I.T
12-05-2025,INDIGO,Largecap,Services
12-05-2025,QUICKHEAL,Smallcap,I.T
13-05-2025,GINNIFILA,Smallcap,Textiles
13-05-2025,INDIAGLYCO,Midcap,FMCG
13-05-2025,JISLJALEQS,Smallcap,FMCG
13-05-2025,BIRLACORPN,Midcap,Industrials
13-05-2025,RALLIS,Midcap,Industrials
13-05-2025,MANINDS,Smallcap,Metals
13-05-2025,MAGADSUGAR,Smallcap,FMCG
13-05-2025,INFOBEAN,Smallcap,I.T
13-05-2025,DYCL,Smallcap,Industrials
13-05-2025,SUVEN,Smallcap,Pharmaceuticals
13-05-2025,BDL,Largecap,Aerospace & Defence
13-05-2025,UGARSUGAR,Smallcap,FMCG
13-05-2025,LINC,Smallcap,Miscellaneous
13-05-2025,BYKE,Smallcap,Services
13-05-2025,UNIVPHOTO,Smallcap,FMCG
13-05-2025,FIEMIND,Smallcap,Auto
13-05-2025,INSPIRISYS,Smallcap,I.T
13-05-2025,EDELWEISS,Midcap,Finance
13-05-2025,TDPOWERSYS,Midcap,FMCG
13-05-2025,CHEMCON,Smallcap,Industrials
13-05-2025,CARERATING,Midcap,Miscellaneous
13-05-2025,LXCHEM,Midcap,Industrials
14-05-2025,DALMIASUG,Smallcap,FMCG
14-05-2025,INDORAMA,Smallcap,Textiles
14-05-2025,KIRLOSIND,Smallcap,Finance
14-05-2025,MANALIPETC,Smallcap,Oils
14-05-2025,AMJLAND,Smallcap,Realty
14-05-2025,ORIENTPPR,Smallcap,Industrials
14-05-2025,WALCHANNAG,Smallcap,FMCG
14-05-2025,IVP,Smallcap,Industrials
14-05-2025,KANPRPLA,Smallcap,Services
14-05-2025,ITDCEM,Midcap,Realty
14-05-2025,TVSHLTD,Largecap,Finance
14-05-2025,DREDGECORP,Smallcap,Miscellaneous
14-05-2025,COCHINSHIP,Largecap,Aerospace & Defence
14-05-2025,ABCAPITAL,Largecap,Finance
14-05-2025,BAJEL,Smallcap,Realty
14-05-2025,DYCL,Smallcap,Industrials
14-05-2025,MIDHANI,Midcap,Aerospace & Defence
14-05-2025,ASIANENE,Smallcap,Oils
14-05-2025,OMINFRAL,Smallcap,Realty
14-05-2025,KPIGREEN,Midcap,Miscellaneous
14-05-2025,MUKTAARTS,Smallcap,Media
14-05-2025,DWARKESH,Smallcap,FMCG
14-05-2025,NITINSPIN,Smallcap,Textiles
14-05-2025,TEXRAIL,Midcap,FMCG
14-05-2025,IPL,Smallcap,Industrials
14-05-2025,TEGA,Midcap,Industrials
14-05-2025,PTCIL,Largecap,Industrials
14-05-2025,AIIL,Largecap,Finance
15-05-2025,SPIC,Smallcap,Industrials
15-05-2025,FOSECOIND,Smallcap,Industrials
15-05-2025,HEROMOTOCO,Largecap,Auto
15-05-2025,PRSMJOHNSN,Midcap,Industrials
15-05-2025,MOTOGENFIN,Smallcap,Realty
15-05-2025,ORIENTPPR,Smallcap,Industrials
15-05-2025,MODISONLTD,Smallcap,FMCG
15-05-2025,TI,Midcap,FMCG
15-05-2025,IFBAGRO,Smallcap,FMCG
15-05-2025,VISAKAIND,Smallcap,Industrials
15-05-2025,INTLCONV,Smallcap,FMCG
15-05-2025,MANORG,Smallcap,Industrials
15-05-2025,DIGISPICE,Smallcap,I.T
15-05-2025,NFL,Smallcap,Industrials
15-05-2025,MENONBE,Smallcap,Auto
15-05-2025,IOLCP,Smallcap,Pharmaceuticals
15-05-2025,RATNAVEER,Smallcap,Metals
15-05-2025,THEJO,Smallcap,Industrials
15-05-2025,YATRA,Smallcap,I.T
15-05-2025,BLUEJET,Midcap,Pharmaceuticals
15-05-2025,BLSE,Smallcap,I.T
15-05-2025,REPL,Smallcap,Miscellaneous
15-05-2025,STERTOOLS,Smallcap,Industrials
15-05-2025,REMSONSIND,Smallcap,Auto
15-05-2025,VRAJ,Smallcap,Metals
15-05-2025,INTENTECH,Smallcap,I.T
15-05-2025,ASTRAMICRO,Midcap,Aerospace & Defence
15-05-2025,ECLERX,Midcap,I.T
15-05-2025,VASCONEQ,Smallcap,Realty
15-05-2025,KIRLOSENG,Midcap,FMCG
15-05-2025,SHARDACROP,Midcap,Industrials
16-05-2025,BPL,Smallcap,FMCG
16-05-2025,IFCI,Midcap,Finance
16-05-2025,DHAMPURSUG,Smallcap,FMCG
16-05-2025,SKFINDIA,Largecap,Industrials
16-05-2025,GESHIP,Midcap,Services
16-05-2025,DHANUKA,Midcap,Industrials
16-05-2025,ONWARDTEC,Smallcap,I.T
16-05-2025,WANBURY,Smallcap,Pharmaceuticals
16-05-2025,PKTEA,Smallcap,FMCG
16-05-2025,COCHINSHIP,Largecap,Aerospace & Defence
16-05-2025,CUBEXTUB,Smallcap,Metals
16-05-2025,PREMEXPLN,Smallcap,Industrials
16-05-2025,CLSEL,Smallcap,FMCG
16-05-2025,RITES,Midcap,Miscellaneous
16-05-2025,REPL,Smallcap,Miscellaneous
16-05-2025,SRD,Smallcap,Services
16-05-2025,CONCOR,Largecap,Services
16-05-2025,MAZDOCK,Largecap,Aerospace & Defence
16-05-2025,TITAGARH,Midcap,FMCG
16-05-2025,SJVN,Largecap,Miscellaneous
16-05-2025,TEXRAIL,Midcap,FMCG
16-05-2025,IRFC,Largecap,Finance
16-05-2025,STARHEALTH,Largecap,Services
16-05-2025,MEDPLUS,Midcap,FMCG
16-05-2025,BEARDSELL,Smallcap,FMCG
16-05-2025,CROMPTON,Largecap,FMCG
19-05-2025,BASF,Largecap,Industrials
19-05-2025,ELECTCAST,Midcap,Industrials
19-05-2025,KIRLOSIND,Smallcap,Finance
19-05-2025,MAHSCOOTER,Midcap,Finance
19-05-2025,SUNFLAG,Smallcap,Metals
19-05-2025,BAJAJHLDNG,Largecap,Finance
19-05-2025,SIYSIL,Smallcap,Textiles
19-05-2025,BHARATGEAR,Smallcap,Auto
19-05-2025,MANCREDIT,Smallcap,Finance
19-05-2025,FOODSIN,Smallcap,FMCG
19-05-2025,VISAKAIND,Smallcap,Industrials
19-05-2025,DELHIVERY,Largecap,Services
19-05-2025,VISHNU,Smallcap,Industrials
19-05-2025,USHAMART,Midcap,Metals
19-05-2025,PRECWIRE,Smallcap,Metals
19-05-2025,MAZDA,Smallcap,FMCG
19-05-2025,JAYAGROGN,Smallcap,Industrials
19-05-2025,PKTEA,Smallcap,FMCG
19-05-2025,UDS,Smallcap,Miscellaneous
19-05-2025,PREMEXPLN,Smallcap,Industrials
19-05-2025,THEMISMED,Smallcap,Pharmaceuticals
19-05-2025,BHAGERIA,Smallcap,Industrials
19-05-2025,KRBL,Midcap,FMCG
19-05-2025,NUCLEUS,Smallcap,I.T
19-05-2025,RPSGVENT,Smallcap,I.T
19-05-2025,CORALFINAC,Smallcap,Finance
19-05-2025,UMIYA-MRO,Smallcap,Telecom
19-05-2025,AVANTEL,Smallcap,Aerospace & Defence
19-05-2025,NDTV,Smallcap,Media
19-05-2025,GILLANDERS,Smallcap,FMCG
19-05-2025,GEECEE,Smallcap,Realty
19-05-2025,PPAP,Smallcap,Auto
19-05-2025,20MICRONS,Smallcap,Industrials
19-05-2025,KCPSUGIND,Smallcap,FMCG
19-05-2025,HMVL,Smallcap,Media
19-05-2025,DTIL,Smallcap,FMCG
19-05-2025,KAYA,Smallcap,Pharmaceuticals
20-05-2025,BASF,Largecap,Industrials
20-05-2025,THOMASCOOK,Midcap,Miscellaneous
20-05-2025,PFIZER,Largecap,Pharmaceuticals
20-05-2025,ZENSARTECH,Midcap,I.T
20-05-2025,GMMPFAUDLR,Midcap,FMCG
20-05-2025,SURANAT&P,Smallcap,Miscellaneous
20-05-2025,HNDFDS,Midcap,FMCG
20-05-2025,INOXGREEN,Midcap,Miscellaneous
20-05-2025,SRM,Smallcap,Realty
20-05-2025,ECOSMOBLTY,Smallcap,Miscellaneous
20-05-2025,NDTV,Smallcap,Media
20-05-2025,HTMEDIA,Smallcap,Media
20-05-2025,HILTON,Smallcap,Industrials
20-05-2025,SEJALLTD,Smallcap,Industrials
20-05-2025,LOVABLE,Smallcap,Textiles
20-05-2025,RBA,Smallcap,Quick Service Restaurant
20-05-2025,TATVA,Smallcap,Industrials
20-05-2025,HPL,Smallcap,FMCG
21-05-2025,BANCOINDIA,Midcap,Auto
21-05-2025,BEL,Largecap,Aerospace & Defence
21-05-2025,THOMASCOOK,Midcap,Miscellaneous
21-05-2025,HONDAPOWER,Smallcap,FMCG
21-05-2025,HLEGLAS,Smallcap,FMCG
21-05-2025,RAMRAT,Smallcap,Metals
21-05-2025,DREDGECORP,Smallcap,Miscellaneous
21-05-2025,IOLCP,Smallcap,Pharmaceuticals
21-05-2025,GROBTEA,Smallcap,FMCG
21-05-2025,AKSHARCHEM,Smallcap,Industrials
21-05-2025,KRITI,Smallcap,FMCG
21-05-2025,BAJEL,Smallcap,Realty
21-05-2025,DPWIRES,Smallcap,Metals
21-05-2025,MASFIN,Midcap,Finance
21-05-2025,JKTYRE,Midcap,Auto
21-05-2025,KOTHARIPRO,Smallcap,Services
21-05-2025,ECOSMOBLTY,Smallcap,Miscellaneous
21-05-2025,WCIL,Smallcap,Services
21-05-2025,TTML,Midcap,Telecom
21-05-2025,UMIYA-MRO,Smallcap,Telecom
21-05-2025,SOLARINDS,Largecap,Aerospace & Defence
21-05-2025,SEJALLTD,Smallcap,Industrials
22-05-2025,SESHAPAPER,Smallcap,Industrials
22-05-2025,BHARATGEAR,Smallcap,Auto
22-05-2025,COSMOFIRST,Smallcap,Services
22-05-2025,GRPLTD,Smallcap,FMCG
22-05-2025,JAYBARMARU,Smallcap,Auto
22-05-2025,NAHARPOLY,Smallcap,Services
22-05-2025,POLYPLEX,Smallcap,Services
22-05-2025,CARYSIL,Smallcap,FMCG
22-05-2025,DCAL,Smallcap,Pharmaceuticals
22-05-2025,SOUTHWEST,Smallcap,Industrials
22-05-2025,YASHO,Smallcap,Industrials
22-05-2025,GENUSPOWER,Midcap,FMCG
22-05-2025,ALICON,Smallcap,Industrials
22-05-2025,EMCURE,Largecap,Pharmaceuticals
22-05-2025,INTERARCH,Smallcap,Metals
22-05-2025,NTPCGREEN,Largecap,Miscellaneous
22-05-2025,RAMCOSYS,Smallcap,I.T
22-05-2025,TTML,Midcap,Telecom
22-05-2025,STAR,Midcap,Pharmaceuticals
22-05-2025,DWARKESH,Smallcap,FMCG
22-05-2025,FORTIS,Largecap,Pharmaceuticals
22-05-2025,TARMAT,Smallcap,Realty
22-05-2025,WABAG,Midcap,Realty
22-05-2025,PTCIL,Largecap,Industrials
22-05-2025,VRLLOG,Midcap,Services
23-05-2025,IFCI,Midcap,Finance
23-05-2025,INDORAMA,Smallcap,Textiles
23-05-2025,RELINFRA,Midcap,Realty
23-05-2025,COSMOFIRST,Smallcap,Services
23-05-2025,VENUSPIPES,Smallcap,Metals
23-05-2025,HINDCOPPER,Largecap,Metals
23-05-2025,VINDHYATEL,Smallcap,Realty
23-05-2025,GIPCL,Smallcap,Miscellaneous
23-05-2025,CENTUM,Smallcap,FMCG
23-05-2025,CONTROLPR,Smallcap,I.T
23-05-2025,NAHARPOLY,Smallcap,Services
23-05-2025,MITCON,Smallcap,Miscellaneous
23-05-2025,HONASA,Midcap,Services
23-05-2025,SEAMECLTD,Smallcap,Miscellaneous
23-05-2025,SCPL,Smallcap,FMCG
23-05-2025,MUFTI,Smallcap,FMCG
23-05-2025,ARVEE,Smallcap,Industrials
23-05-2025,TBOTEK,Midcap,I.T
23-05-2025,APOLLOPIPE,Smallcap,FMCG
23-05-2025,EIEL,Smallcap,Realty
23-05-2025,UNIVPHOTO,Smallcap,FMCG
23-05-2025,EKC,Smallcap,Services
23-05-2025,RPOWER,Largecap,Miscellaneous
23-05-2025,ONMOBILE,Smallcap,Telecom
23-05-2025,EXPLEOSOL,Smallcap,I.T
23-05-2025,SIGMA,Smallcap,I.T
23-05-2025,CLEAN,Midcap,Industrials
23-05-2025,GULFOILLUB,Midcap,Industrials
23-05-2025,SNOWMAN,Smallcap,Services
23-05-2025,VINCOFE,Smallcap,FMCG
23-05-2025,POWERMECH,Midcap,Realty
23-05-2025,LLOYDSENGG,Midcap,FMCG
23-05-2025,HPL,Smallcap,FMCG